spam/ham,message
0,کتنا یہ تقریبا لاگت آئے گی. فی مہینہ.
0,ٹھیک ہے ... تھیوری ٹیسٹ؟ جب ایک _ بک کرنے جا رہے ہیں؟ میرے خیال میں یہ 21 مئی ہے. coz کہ jiayin ساتھ باہر جانا چاہتا ہوں سوچا. لیکن وہ آزاد سے Isnt
1,تم آپ جانتے ہیں کسی کی طرف سے ہمارے ڈیٹنگ سروس کے ذریعے رابطہ کیا جا رہا ہے کر رہے ہیں! باہر تلاش کرنے کے لئے یہ ایک لینڈ لائن 09050000928. PoBox45W2TG150P سے کال کون ہے
0,ٹھیک ہے، اگر وہ چاہتی ہے جانتا ہے یا کوئی سوال ہے اس سے مجھے فون کر دینا ہے
0,معذرت،، دیر آغاز ہو گیا ہم راستے پر ہو
0,پھر یو واپس urself ہے Lor جانے ...
0,میں ہوں AT گیس سٹیشن. وہاں جاؤ.
0,K، یو سائن بور تو صرف میرے گھر آتے ہیں ..
0,بیبی !!!! میں تم سے پیار کرتا ہوں !!!! * بوسے میں آپ کے چہرے کا احاطہ کرتا ہے *
0,میں اسے پھینک ہم نے اپنے دوست کی گاڑی ایک وقت میں تمباکو نوشی کر رہے تھے جب بنایا طرح، یہ بہت اچھا تھا
0,پھر بھی میں اسے دا نہیں کی جانچ پڑتال کی ہے. . .
0,آپ واملارٹ کے پاس جائیں گے. میں رکوں گا.
0,میں تم سے، میں تمہیں کل، K بھیجنے کے لئے ایک جوڑے روپے ہو سکتا نہیں بھولتا؟ میں بھی یا محبت
0,زبردست. I.ll زیادہ تو ہم بات کر سکتے ہیں کہ اس سے پریشان.
0,ریورس دھوکہ دے رہی ہے. یہ ریاضی نہیں ہے.
0,U're آمدید ... پھنسے یو دوبارہ انگریزی ٹوٹ استعمال کرتے ہوئے ...
0,کوئی مسئلہ نہیں بچی. اس میں بات کرنے کے لئے ایک اچھا وقت ہے؟ میں نے فون کیا اور ایک پیغام چھوڑ دیا.
0,معذرت، میں بعد میں فون کرتا ہوں
0,اوہ یہ ہے! کون سا برانڈ؟
0,معاف کیجئے گا میں ابھی آپ کے فون لے سکتے. یہ اتنا 2waxsto آپ چاہتے ہیں اور Wat کرتے وہاں R ایسا ہوتا ہے. وہ آئیں اور بیمار اس کے طبی انشورنس حاصل کر سکتے ہیں. اور وہ بچا اور بنیادی دیکھ بھال حاصل کرنے کے قابل ہو جائے گا. میں فی الحال اس کے لئے صحیح طبی انشورنس کے لئے خریداری کر رہا ہوں. تو صرف جمعہ کی صبح تل مجھے دے. آئی i.ll صحیح انشورنس کے لئے مجھے ہدایت دے سکتا ہے کہ اہم شخص کو دیکھ کر جب.
0,کیا وقت آپ آ رہے ہیں.
0,اسے فون کرو اور تم آج ٹھیک نہیں آرہا کہتے ہیں اور یہ ٹھیک طرح مجھے بیوکوف کو نہ انہیں بتا
0,میں نے اپنا حصہ oredi yifeng پر ای میل .. سکتا ہے ایک _ جو اسے FR ملتا ہے ..
0,آر یو یقین ہے کہ وہ کہ سمجھ لیں گے! شراب * اچھا خیال صرف ایک slurp کے لئے تھا!
0,کم از کم واک 3miles ایک دن ہے.
0,ٹھیک ہے کوئی مسئلہ نہیں انہیں ایک ٹیکسی مل جائے گا. C کل اور منگل ING. منگل کے روز ہم تمام سنیما جا رہا ر لگتا ہے.
0,میں Brainless بچے گڑیا ..: - D ؛-)، گاڑی sariyag ڈرائیو madoke barolla ..
0,میں نے یو FRM بھاگ نہیں ہے ... میں نے آہستہ آہستہ اور AMP چلنا؛ یہ مجھے ہلاک U مجھے روکنے کے لئے کافی پرواہ نہیں ہے کہ ...
1,آپ کے پاس وقت ہے جب معاف کیجئے گا میں آپ کی کال چلو بات یاد کیا. مجھے 07090201529 پر ہوں
0,فون شرکت کریں :)
0,تم نے ہی مجھے نفرت ہے. آپ کسی بھی کال کر سکتے ہیں لیکن آپ کو میرے ایک واحد کال بھی قبول کر نہیں کیا. یا اس سے بھی آپ کو ایک پیغام
0,اس فون پر کوئی پیغامات. اب میں اس کے انعقاد کر رہا ہوں
0,کر سکتے ہیں ... میں آزاد ہوں ...
0,یو میری سفر ملتوی ہو گئی ہے، آپ اب بھی اپ ذخیرہ؟
0,معذرت، میں بعد میں فون کرتا ہوں
0,میں آپ کی کال صاحب کے لئے انتظار کر رہا ہوں.
0,ارے تم کیا کر رہے ہو. Y کوئی PA جواب ..
0,یلین ارے، آج کے اجلاس پر اب بھی ہے؟
0,معاف کیجئے گا میں اس جگہ پر نہیں گیا ہوں. I.ll کل ایسا کرتے ہیں. بہت افسوس ہے.
0,مجھے نہیں دیتی جب tiime میں سے زیادہ تر آپ نے مجھے گلے میں آنسوؤں میں توڑ نہیں ہے تو یہ بات ہے.
0,کل میں تھیٹر کے لئے نہیں جا رہا ہوں. . . تو میرے آنے U مجھے فون جہاں کہیں بھی کر سکتے ہیں. . . مجھے بتائیں کہ کہاں اور کب کل آنا
0,اور اب بجلی صرف FML باہر چلے گئے.
0,لگتا ہے کہ آپ کا دھواں، بہت اچھا کام کے علاوہ دیگر کیا کچھ نہیں ملا دیں!
0,اس کے علاوہ برف وغیرہ وغیرہ andros
0,:)
0,گڈ afternon، میرے پیار. آج کیسی ہو؟ میں نے آپ کے اچھے کی امید ہے اور شاید کچھ انٹرویوز ہے. مجھے جاگنا اور اپنی بیب یاد آتی ہے. سمندر پار سے ایک پرجوش بوسہ
0,ہاں. اور Wat یقین سے Wun؟ U واقعی نیوا سی ای MSG میں نے بھیجا shuhui؟
0,نسل کہ گھڑی نیا سائز
0,محترم امت وہ اب مجھے بلایا :-)
0,ابھی ابھی ختم ہوا. کافی مقدار تمہاری یاد آ رہی
1,اعزازی 4 STAR Ibiza میں چھٹیوں یا ایک ¥ Â £ 10،000 نقد آپ کی فوری مجموعہ کی ضرورت ہے. 09066364349 اب باہر نہیں کھونا لینڈ لائن سے! Box434SK38WP150PPM18 +
0,ٹھیک ہے، میں اس سے پہلے کی اپنی شرابی رات کی مخالفت کے طور پر مراد
0,K ... ایک ہہ نہیں کتاب کرنا ضروری ہے؟ تاکہ اتوار یوگا بنیادی لئے جا رہے ہیں؟
1,مفت Msg: ہم الزامات refunded.This کال ایک BT لینڈ لائن سے آزاد ہو جائے گا کرنے کے لئے مختصر 83332.Please کال 08081263000 سے غلطی سے اپنا موبائل نمبر پر بل
0,ٹھیک ہے کر سکتے ہیں ...
0,افوہ - میری ماں میں ہوں سومرسیٹ میں ہے ... بٹ اب تک! واپس ٹومو، جلد ہی آپ کو دیکھ ایکس
0,یو اوور ٹائم nigpun کام کر تو؟
0,2nd کی ٹیسٹ میں جیک کیلس dismissial :-) کی طرح.
0,O. وہ دونوں مل گیا screwd اندازہ
1,آپ کے لئے انتظار کر رہے ایک فوری پیغام ہے اس کو 08712402972 فوری طور پر کال کریں
0,میں ایک میٹنگ میں ہوں، میں بعد میں مجھے فون
0,کیا U مجھے کھانے پکانے ر؟
0,ٹھیک ہے شکریہ ...
0,بیل. آپ کا پلان آف تیرتے دنیا میں دیکھ بھال کے بغیر میرے ساتھ IKEA پر جانے کے لئے نہیں تھا. تو میں نے ایک دن آپ کی گندگی کے ساتھ رہنے کے لئے ہے.
0,اس کے بعد میں نے خریدنے.
1,فوری! آپ کا موبائل نمبر ایک ¥ Â £ 2000 بونس کالر انعام سے نوازا گیا ہے. لینڈ لائن سے 09058095201 پر کال کریں. درست 12hrs صرف
0,Heehee تاکہ مضحکہ خیز حالانکہ تھا
0,یہ صرف سادہ ریاضی نہیں فی صد ہے.
0,جی ہاں ہم کم از کم، 4 آواز کا طریقہ یہ ہے ایک گھنٹے کے لئے چھوڑ نہیں کرے گا؟
1,ایک قابل قدر گاہکوں کے طور پر، میں نے آپ کے موبایل نمبر کے حالیہ جائزے کے بعد آپ کو ایک Ã ¥ Â £ 1500 بونس انعام سے نوازا جاتا ہے کہ آپ کو مشورہ کی کرپا رہا ہوں، 09066364589 پر کال کریں
0,شکریہ جان. ایک عظیم دن ہے.
0,"ایک حیرت انگیز اقتباس '' - \ کبھی کبھی زندگی میں کیا غلط فیصلہ کرنے کی اس مشکل !! جھوٹ ایک مسکراہٹ یا سچ آنسو لاتا ہے .... لاتا ہے کہ \ """""
0,گڈ نائٹ میرے عزیز .. Sleepwell کریں & amp؛ دیکھ بھال
0,پھر ایک _ ایک کو منتخب کرنے _ اپ لار والد سے پوچھیں ... ایک ایک 6 عوامی ہنگامی ہال تک 2 قیام وان ...
0,jus کے سے Chillaxin، کیا اپ
0,"\ COOL داس ارے ... IKNOW تمام 2 WELLDA STUDENTFINANCIAL بحران! SPK 2 U L8R کا خطرہ. \ """""
0,"کشش ثقل کے خلاف خوبصورت سچائی .. پڑھیں احتیاط: \ ہمارا دل کی روشنی کسی کو اس میں ہے جب محسوس ہوتا ہے .. لیکن یہ بہت بھاری کسی کی پتیوں یہ .. \ ""سے GoodMorning"" جب محسوس ہوتا ہے"
1,اگر آپ کو ایک نیا نوکیا 3510i رنگ فون DeliveredTomorrow چاہتے ہیں؟ جواب یا 08000930705 پر کال کسی بھی موبائل + 100 مفت نصوص مفت Camcorder کے لئے 300 مفت منٹ:
0,کیا ہل آ رہا ..... یہ ایک راکشس ہے کہ! امید ہے آپ کا دن اچھا گزرے گا. چیزیں یہاں ٹھیک چل رہا R، مصروف، اگرچہ!
0,خوشی کے والد یحیی ہے. پھر جان خوشی کے والد کا ____ ہے. یو جرم ANS تو آپ ہولدار کریں & lt؛ # & gt؛ پر IQ. جواب دینے کے لئے TIS کے آئی اے ایس کے سوال آزمائیں.
0,صرف ایک بار پھر بیمار ہونے کے بعد سب تمہارا اطاعت.
0,نہیں وہ نہیں کیا. میں نے آن لائن تلاش کریں اور آپ کو بتائیں گے.
0,آپ اس کے حصول پر جانے کے لئے کی ضرورت ہے؟
0,کوئی pic کے. براہ مہربانی دوبارہ بھیجیں.
0,انہوں Bros کی درمیان ایک بھائی رہتا ہے
0,Uhhhhrmm جب سے Youre بیمار ٹی بی ٹیسٹ خراب ہونے سے Isnt
0,لیکن میں نے 4 MB طرح ملا enuff خلا مصحف ...
1,LIFE کبھی نہیں اتنا مزہ اور بہت اچھا رہا ہے جس میں آپ کو آنے تک تم میرے لئے یہ واقعی خصوصی بنا دیا. میں تمہیں بھول نہیں کرے گا! سے لطف اندوز @ ایک کو GBP / SMS
1,آپ کو ایک نئی ویڈیو فون چاہتے ہیں؟ 600 کسی بھی وقت کسی بھی نیٹ ورک منٹ 400 سماویشی ویڈیو کالز اور ڈاؤن لوڈ کے 5 فی ہفتہ مفت delTOMORROW کال 08002888812 یا اب جواب
1,ایک قابل قدر گاہکوں کے طور پر، میں نے آپ کے موبایل نمبر کے حالیہ جائزے کے بعد آپ کو ایک Ã ¥ Â £ 1500 بونس انعام سے نوازا جاتا ہے کہ آپ کو مشورہ کی کرپا رہا ہوں، 09066368470 پر کال کریں
1,خوش آمدید! آپ کی عمر اور جنس کے لئے شروع کرنے کے ساتھ جواب دیں. مثلا 24M
1,Freemsg: 1 ماہ لامحدود مفت کالز! چالو SmartCall TXT: نہیں پر کال کریں: 68866. Subscriptn3gbp / WK لامحدود کالز مدد: 08448714184 سٹاپ landlineonly TXT روکیں؟
1,آپ کے موبائل 10 مہینے تھا؟ مفت کے لئے تازہ ترین اورنج کیمرے / ویڈیو فونز کرنے کے لئے اپ ڈیٹ کریں. محفوظ کریں Ã ¥ Â £ ساتھ مفت نصوص / ہفتے کے آخر کالز ہے. آپٹ آؤٹ کرنے کیلئے ایک کال بیک orno لئے متن YES
1,ہوں نئی ​​2 کلب اور نہ فنک ہم سے ملاقات کیں ول بی GR8 2 C یو مہربانی چھوڑنے MSG 2day کی میں wiv الرحمن علاقے 09099726553 جواب وعدہ کیا Carlie کا ایکس CallsÃ ¥ Â £ 1 / minMobsmore LKPOBOX177HP51FL
0,یہ سچ ہے. اس کے یہاں اس کے ساتھ آسان.
0,اس بات کا یقین ہے لیکن میرے والدین منگل میں پر کام کیا جائے گا کے بعد واقعی ایک کور کہانی کی ضرورت نہیں ہے
0,ہا ہا ٹھیک ... آج ویک اینڈ لہ ...
0,"\ ہیلو ڈارلنگ youPhone مجھے کیا؟ آئی ایم atHome چیٹ youwanna تو. \ """""
0,میں نے کچھ کے بارے میں جیک گندگی نہیں جانتے یا I / کہنا مددگار کچھ پوچھنا چاہتے ہیں لیکن اگر آپ چاہتے ہیں تو آپ کو میں نے کیا تھا کہ دکھاوا کر سکتے ہیں اور صرف hypotheticalhuagauahahuagahyuhagga کے جواب میں جو کچھ بھی مجھ کو متن
0,آپ ہمیشہ اسمارٹ ایک رہا ہوں.
0,جی ہاں ہم پارٹی اور لیفٹیننٹ لئے ہماری معلومات چادریں تبدیل کرنے کی ضرورت ایک بے ترتیب دوست حاصل کرنے کی کیا ضرورت ہے تو؛ # & gt؛ پر / 7 کبھی مطالعے کو صرف محفوظ ہونا
1,کیمرہ - آپ کو ایک SiPix ڈیجیٹل کیمرے سے نوازا رہے ہیں! 09061221066 Fromm کی لینڈ لائن پر کال کریں. 28 دن کے اندر اندر ترسیل.
0,کرسمس UR کا ایک عکس کے طور پر منایا جاتا ہے کہ ایک موقع ہے ... قیمت ...، خواہشات ...، محبت ... اور AMP؛ روایات .... ایک مثالی کرسمس ہے ...
0,آپ کو خوشی اور خوشی کی مبارک باد بھیجنا. ایک GR8 شام ہے
0,"\ ہیلو ڈارلنگ مجھے cantdo anythingtomorrow myparents کے کھانا outfor مجھے aretaking طور پر. جب یو آزاد ہیں؟ Katexxx \ """""
0,بھارت کی جیت یا سطح سلسلہ اسباب تو یہ ریکارڈ ہے :)
0,اس کے بعد آگے کیا منصوبہ بندی کے بارے میں؟
0,یہ اچھا ہے آپ سے سننا
0,خوفناک، کہ کس طرح میں نے دروازے کے ساتھ نمٹنے ہے؟ چارلس نے مجھے کل رات بتایا لیکن، اہ، جی ہاں
0,کیا وقت آپ چل کے سوچ؟
1,ایک مفت موبائل ویڈیو پلیئر مفت Movie حاصل کریں. جمع کا متن جانے کے لئے کرنے کے لئے 89105. اس مفت! اضافی فلموں ٹی کی حکم دیا جا سکتا ہے اور C کا اطلاق ہوتا ہے. 18 سال صرف
1,www.bridal.petticoatdreams.co.uk میں شادی کی lingerie پر پیسے بچانے قومی ترسیل کے ساتھ ایک شاندار انتخاب سے انتخاب کریں. WeddingFriend کی طرف سے آپ کے لئے لایا
0,آپ کی بورڈ ٹھیک کام کر رہا ہے. overheating کے مسئلہ کو بھی reslove ہے. لیکن اب بھی سافٹ ویئر INST زیر التواء ہے. مجھے 8'o چوبیس گھنٹے چل جائے گا.
0,وجہ مجھے اس نے معلوم ہے ہاں لیکن مجھے فرق نہیں پڑتا!
0,"wiskey برانڈی رم جن بیئر ووڈکا اسکاچ Shampain شراب \ Kudi کی \ ""yarasu dhina vaazhthukkal. .."""
0,پیر okie ہے Lor ... ہا ہا، بہترین سستے ن GD غذا ہے لا، سابق OSO okie ... وانا مغربی یا چینی کھانا کھاتے یا نہیں پر منحصر ہے ... ڈین جس U ترجیح دیتے ہیں ...
0,ہے Lor ایسا کرنے ARD کچھ نہیں بیٹھنا. یو مصروف کام W لہ؟
0,اس کی کریں & lt؛ # & gt؛ پر اوہ یہاں K. میں فروخت کے لئے گھر بھیج دینا چاہیئے.
0,معذرت. || میل؟ ||
0,یس صرف THT واقعے ABT بتا رہی ..
0,ہاں ہم 2 گھنٹے طرح کے باہر تھے. اور میں نے اس کو 1 بجے شروع سبب ان کو جاگنا میرے پورے خاندان کو بلایا
0,اہ صرف ملا باہر کلاس
0,آج کل لوگ entropication کے bambling لئے laxinorficated موقع notixiquating رہے ہیں .... کیا آپ نے کبھی oblisingately fidalfication کے masteriastering amplikater لیے الرحمن کی کتابیں منتخب کیا ہے؟ یہ بہت champlaxigating جاتا ہے، میں .. یہ ظالمانہ ہے سوچنے Wotz ؤر رائے ؟؟؟؟ Junna
0,میں نے اپنے bag..i میں آپ کی فائل کے کسی بھی کام میں تھا جب آپ مجھے اپنے کمرے میں کسی چیز کی تلاش ہے تو visting کے 'آپ کو بتا دیں گے کہا جاتا ہے کہ نہ.
0,کوئی ضرورت لار. jus کے ای فون کارڈ جانچ. Dunno کی نیٹ ورک نہیں میں THK GD. میں نے غسل سکتے ہیں تو مجھے 4 میری بہن کے 2 ختم نہانے انتظار کر رہے. ڈن یو پریشان لیاو U الرحمن کے کمرے کی صفائی.
0,ٹھیک ہے. حق تم سے بعد میں کروں I.ll.
0,دوستی نظم: محترم اے یو آر قریب نہیں لیکن میں نہ ہو جاؤ رہتے خوف کے ساتھ خوش ہو جاؤ کوئی مزید آنسو یو آر ہمیشہ میرے پیارے سن سکتے ہیں. سے Gud ni8
0,آپ دوپہر کا کھانا اور جلدی سے آئے اور دروازہ کھولنے :)
1,U4 تھوڑی دیر سے نہیں سنا. مجھے فون اب یہاں پر صرف میری نیکر کے ساتھ ساری رات ہوں. مجھے اس کے لئے بھیک مانگنے بنائیں یو آخری بار 01223585236 XX Luv اس Nikiyu4.net کیا تھا
0,میں واپس آگیا. A30 پر حادثے کی بٹ طویل کیونکہ. wadebridge.I ذریعے ڈائیورٹ کرنا پڑا ایک شاندار ہفتے کے آخر میں شکریہ پڑا. جلدی بات کرنا. بہت زیادہ پیار
0,K .. میں یان سے Jiu لیاو ... ہفتہ ہم 4 bugis vill سے ایک FRM 10 سے 3 پارک 4 NB کو ماند ہاپ جا سکتے ہیں. سورج سے 2 سنے FRM 1030 جا سکتے ہیں، ORC کو ماند ہاپ کی 4 میں سے 4 ہپ ہاپ MRT ...
1,بلومبرگ -Message مرکز +447797706009 انتظار کیوں؟ آپ کے مستقبل HTTP کے لئے: // کیریئرز. bloomberg.com
0,میں نے گلی میں ایک عورت اور شیٹ میں ایک بیکار کی تلاش کر رہا ہوں. کیا یہ آپ ہیں؟
0,میرا فون
0,ہا ہا اعداد و شمار، کے ساتھ ساتھ میں ٹکڑا اور پرسکلہ کی کٹوری پایا
0,دراصل آخر، صرف، جنوری اگرچہ اس سے پہلے کسی وقت ٹمپا میں ہو کرنے کے لئے عذر تلاش کرتے ہیں جو کچھ بھی کرتے ہیں کہ
1,فوری! ہم کرنے کے لئے رابطہ U. آج پتہ چلتا ہے کہ آپ کو ایک Ã ¥ Â £ 800 انعام ضمانت حاصل کر چکے ہیں کو اپنی طرف متوجہ کر رہے ہیں. لینڈ لائن سے 09050001808 پر کال کریں. M95 دعوی کریں. Valid12hrs صرف
0,گرمیوں میں! آخر LOL. میں نے گزشتہ ہفتے ہماری سنیما سفر یاد :-(
0,سارا دن کام کے دن:) ہفتہ اور اتوار کو چھوڑ کر ..
0,aathi..where آپ عزیز ہیں ..
0,دل محبت کے بغیر خالی ہے .. دماغ .. آنکھیں خوابوں اور AMP کے بغیر خالی ر حکمت کے بغیر خالی ہے؛ زندگی frnds .. تو Alwys سے Be میں رابطے کے بغیر خالی ہے. گڈ نائٹ & AMP؛ پیارے خواب
0,میں نے ایک IA ° ایک سوچنے · اسی بس میٹر انتظار میں! مجھے مطلع کریں جب آپ وہاں حاصل، آپ نے کبھی وہاں حاصل ہو.
0,آپ جلد ہی کسی بھی وقت واپس ہو رہی؟
0,، چیزوں کو کس طرح ہے؟ بس ایک فوری سوال ہے.
0,رات کو ایک اور دن کے لئے ختم ہو گیا ہے، صبح ایک خاص انداز میں آئی ہے. آپ کو نیلے نیلے خلیج میں دھوپ کرنوں اور پتے اپنے خدشات طرح مسکرا سکتا ہے. سے Gud mrng
0,میں شاید کی طرف سے، سب کے ارد گرد کریں & lt کے کیا آ سکتا ہے؛ # & gt؛ پر صحیح ہے؟
0,کیونکہ Yetunde کی وہ اس کے ساتھ آپ کو تعجب کرنا چاہتا تھا کہا میں نے نئے سال سے پہلے یہ مل گیا لیکن میں نے پیسے کو دیکھنے نہیں کیا، جب میں نے اسے واپس کر وسط جنوری سے پہلے کریں & lt؛ # & gt؛ پر دن کی واپسی کی مدت ختم ہو گئی.
0,میں نے ارد گرد سے پوچھ سکتے ہیں لیکن وہاں تک یہاں mids کے کے لحاظ سے ایک بہت کچھ نہیں ہے
0,آپ یاہو ای میل چیک کرنا نہ بھولیں. ہم نے کل تصاویر بھیجا
0,کیا وہ کے لئے تلاش کیا گیا تھا؟
0,میرے boytoy کے Wherre ہے؟ :-(
1,آپ چاہتے ہیں ایک نئی ویڈیو phone750 کسی بھی وقت کسی بھی نیٹ ورک منٹ 150 متن ہفتے کال 08000776320 مطابق صرف پانچ پاؤنڈ کے لئے اب کی ترسیل کل کے لئے جواب نہیں کیا ہے یا
0,ہیلو میری محبت! اس دن کس طرح چلا جاتا ہے؟ میں نے آپ کے ساتھ ساتھ اور ٹھیک لڑکی اور آپ کو کچھ کام کے امکانات کو تلاش اس امید کا متمنی ہوں. میں آپ کو یاد، کے boytoy ... * ایک چڑھا بوسہ *
0,مجھ میں اپنے برے کردار ہے جن U Dnt کی bunches کی طرح بتائیں. میں اندر کریں & lt کو تبدیل کرنے کی کوشش کریں گے؛ # & gt؛ پر . میں نے جیسے 2 میرے نئے سال کی قرارداد کو شامل کریں گے. الرحمن reply.Be فرینک کا انتظار ہے ... صبح بخیر.
0,کوئی :-) میں افواہ ہے کہ آپ کو چنئی میں اپارٹمنٹ خریدنے کے لئے جا ملا :-)
0,جی ہاں، کے مقابلے میں شاید پہلے کہ
0,تبدیلی ونڈوز لاگ آف ساؤنڈ ..
0,پھر بھی میں اسے دا نہیں کی جانچ پڑتال کی ہے. . .
0,میں نے بھی کمرے میں آئی ہوں.
0,ہوہ لیکن میں 4 لئی میں سبق ملا این میں نے پہلے SCH میں جانے کا سوچ رہا تھا ن میں کینٹ وادی میں PARKIN کی TOT ...
0,ٹھیک ہے.
0,میں نے ارد گرد کریں & lt دفتر پہنچ جائے گی؛ اعشاریہ & gt؛ پر . اور AMP؛ میرے موبائل مسئلہ ہے. تم میری آواز حاصل cann't ہے. مجھے آزاد کر دیں گے آسا تو آپ کو فون
0,تم باہر سربراہ جب ٹھنڈی، مجھے متن
1,تم آپ جانتے ہیں کسی کی طرف سے ہمارے ڈیٹنگ سروس کے ذریعے رابطہ کیا جا رہا ہے کر رہے ہیں! باہر تلاش کرنے کے لئے یہ ایک لینڈ لائن 09050000878. PoBox45W2TG150P سے کال کون ہے
1,Wan2 Westlife میں 4 U یا ایک M8 کے ساتھ ایک سے ملو + ہیلو جیتنے؟ انہوں نے فی الحال کیا دورے پر ہیں؟ 1) اٹوٹ، 2) جنگلی، 3) گندا. ہائے 1،2 یا 3 83049. لاگت میں 50p + ایسٹیڈی متن میں
0,سالگرہ مبارک ہو ... مئی U بھی مشکل الرحمن دلکش پرنس جلد ہی این ڈن کام تلاش ...
0,اوہ، گرینڈ ایک پارٹی کا تھوڑا سا چل رہا ہے لیکن یہ شاید پہلی پہلے آنے کی خدمت کی ہے تو یہ کسی بھی احاطہ انچارج ذکر نہیں کرتا
0,مجھے یقین ہے کہ آپ کو کسی چیز کے لئے نہیں سو سکتا بستر پر واپس جانے سے پہلے تم نے مجھ سے کہا.
0,میں تم سے ناراض arnt لیکن ID واقعی کی طرح آپ کل دیکھنے کے لئے کرے گا امید ہے. محبت مجھے xxxxxxxxxxxxxX
1,Dorothy@kiefer.com ہمارے اراکین ***** UP 300٪ *********** نیس ڈیک علامت CDGT ایک $ 5.00 فی ہے کہ دھماکہ خیز چنو (بینک گرینائٹ کا مضبوط تر مسائل) ..
0,کریں & lt کہنا ہے کہ؛ # & gt؛ پر ایک آدمی اور رقم کے ساتھ پرانے سال. # & gt؛ پر میں اپنی گزشتہ کریں & lt نیچے ہوں؛ . اب بھی اس چیک کے لئے انتظار کر رہے.
0,میں اب الرحمن گھر کو آئے گا
0,کسی بھی دن کا مفت لیکن میں پر پیر این جمعرات 6 بجے ختم ...
0,آپ کو کھانے کے لئے یہاں ہوں گے
0,زندگی تمام Mone کی، eppolum سے Oru قطب allalo
0,Nite کی ...
0,ٹھنڈی زندگی کے دو بنیادی اصولوں: \ واک
0,کیمرے بہت اچھا، 10.1mega پکسلز، 3optical اور 5digital میں کلاس. ایک خوبصورت چھٹی ہے، محفوظ ہو اور میں تم سے ایک اچھا سفر ہولدار امید ہے کہ! آپ دونوں کو نیا سال مبارک ہو! ہفتے کے ایک جوڑے میں ملتے ہیں!
0,ہیلو سے Petey! noiÃ ¥ ایک میٹر OK صرف 2 چیٹ coz کہ AVENT بات کی 2 U 4 ایک طویل وقت امید الرحمن جے ایس اوپر alrite.have اچھا این آئی ٹی سے Doin چاہتے تھے یا am.x محبت کرتا ہوں
0,میں نے ابھی دیکھا رون قرمزی ہاں ایک پارٹی کشتی کرکٹ تاکہ
0,میں سنجیدہ ہوں. تم پیسوں بیس میں ہیں
0,پہلے سے ایک آدمی کی محبت: -.
0,امرتا کالج میں جگہ کا تعین کرنے کی تربیت کے عملے.
0,میں نے ہمیشہ آپ کے ساتھ بات چیت. حقیقت یہ ہے کہ میں نے ضرورت کے پیسے میں آپ کو مجھ سے اٹھا سکتا ہے؟
0,مجھے نوکری پروفائل بیپیو کی طرح لگتا ہوں ..
0,خیر، میں ترک کرنے کے بارے میں تھا کیونکہ وہ سب کوئی وہ didnâ ° A A · ٹی سے ایک nighters ایسا کہا. میں نے صبر کیا اور ایک مل گیا ہے لیکن یہ بہت سستے میں پیشگی معذرت خواہ ایسا ہے. یہ صرف کہیں نیند جو اخلاق کے لئے ہے؟
0,لہذا اگر آپ کو لگتا ہے کہ میں واقعی میں اس سے بات کرنا چاہئے؟ صبح میں اپنے باس کو فون نہیں؟ میں نے گزشتہ سال اس جگہ پر گئے اور انہوں نے مجھ سے کہا میں جاتا ہوں اور میری کار سستا طے حاصل کر سکتے ہیں. اس نے مجھ سے آج وہ کتنی امید ظاہر میں اپنے نمبر وغیرہ نہیں مل رہا، میں واپس آ جائے گا کہ کس طرح وہ ہمیشہ افسوس کا اظہار کیا کہہ رکھا ہے
0,آپ اطلاقات کی کلاس کے لئے جانے کے لئے تیار ہیں.
0,میرے بھائی اور ان کے خاندان کے ساتھ گھوم
0,کوئی یہ صرف 9 کی طرف سے پہنچ جائیں گے. وہ کہہ رہی ہو جائے گا. میں نہیں جانتا
0,ارے ... آپ کو جلد ہی چھوڑ جا رہے ہیں؟ Xuhui اور میں مہینے کے آخر تک کام کرنے والے
0,گزشتہ Nite کی مککیبازی IM افسوس یہ نہیں تھا ¥ ایک ٹی الرحمن غلطی مجھ تھا، شریک حیات یہ تھا PMT یا سے Sumthin! یو مجھ 4give؟ میں نے یو shldxxxx سوچتے
0,نیوا ساتھی کوشش !!
0,ہاں جو کہ بہت زیادہ بہترین دوسری صورت ہوگی
0,میں نہیں مفت آج میں 2 میرے والدین تک سے Tonite لینے مصحف ...
0,\ارے لڑکی! FAR 2 کاتا آؤٹ 2 SPK AT DA MO ... مردار 2 DA WRLD. DA SOFA سارا دن پر کیا گیا سونے
0,میں نے آپ شرارتی PIX بھیجیں؟ :)
1,تم ایک ¥ Â £ 1000 فاتح یا ضمانت کالر انعام ہیں، یہ آپ سے رابطہ کرنے ہماری آخری کوشش ہے! کال 09071517866 اب دعوی کرنے کے لئے! 150ppmPOBox10183BhamB64XE
1,کرسمس اور نئے سال کی شام کے ٹکٹ 8pm سے جب تک 10am سے دن کے دوران، کلب سے فروخت پر اب ہیں، اور جمعرات، جمعہ اور ہفتہ کی رات اس ہفتے. وہ تیزی سے فروخت کر رہے ہیں!
0,ٹائلر (ایک 8th ہو رہی ہے)، 9 کے بعد طویل نہیں چھوڑ کرنے کے لئے ہے کہ آپ ایک گھنٹے کی طرح یہاں حاصل کر سکتے ہیں؟
0,ہر رات بمباری ہو جائے کرنے کے لئے تیار ...
0,دراصل، میرے موبائل MSG کی مکمل ہے. # & gt؛ پر اور میں جہاں میں نے ان کریں & lt بھیجنے کی ضرورت ہے ایک کام کر آن لائن، میٹر؛ بھیجا MSG میں بعد یو سمجھانا جایئں.
0,معذرت، میں بعد میں فون کرتا ہوں
0,شام بخیر! آپ کیسے ہو؟
0,میں گھر پر ہوں. کال کریں
0,OIC کیونکہ مجھے ن اپنے شیش آج کوئی دوپہر کا کھانا ملا میرے والد صاحب تو Dunno کی 2 SCH یا Wat میں کھا کہ آیا باہر گیا ...
0,مم ... آج صبح آپ کے الفاظ کو بیدار کرنے sooooo اچھا تھا، میری جان !! آخر ماہ سال ... میں نے بھی تم سے پیار کرتی ہوں، میرے شعر ... * سمندر پار سے بوسہ بکشن *
0,ہمیں امید ہے کہ ایئر ٹیل براڈبینڈ کے لئے آپ کی درخواست کو کامیابی سے عملدرآمد کیا جاتا ہے کو مطلع کرنے کے لئے خوش ہیں. آپ کی تنصیب کے 3 دن کے اندر اندر ہو جائے گا.
0,کیا ہوا پیارے. تم خاموش کیوں ہو. میں پریشان ہوں
0,میں تم لوگوں کو مجھ سے چاہتے ہیں جب تک جلد کچھ وقت آنا، 3 میں وہاں مل جائے گا
0,آپ کو تو اپنا کچھ بھی نہیں کھانسنے نہیں ہیں تو
0,ایک 25 لیفٹیننٹ آ ن مجھے لار کو منتقل
0,میں نے ای شخص ای ایس ایم ایس سروے کر رہا ہے جو ووٹ دیں.
0,LOL ٹھیک بیمار بھیجنے کی کوشش کریں. نے خبردار کیا ہے سپرنٹ مردہ سست ہے. تم prolly جو کل حاصل کریں گے
0,اگر آپ نے پیر کو پورا شکریہ
0,میں کہاں ہوں ایسا ہے TH گاور میٹ کون سا ہے!؟! HOW آر یو یار؟ سب اچھا ہے میں ویلز بیمار B واپس ایک ¥ Ã کل. سی یو THIS WK؟ MSG 4 کون تھا؟ Ã ¥ ایک بے ترتیب!
1,راک سال سے Chik. اب سال کے فون پر غلیظ فلمیں & XXX تصویر 100 کے لئے حاصل کریں. 69669. Saristar لمیٹڈ کو rply گندگی، E14 9YT 08701752560. 450p 5 فی دن. منسوخ Stop2
0,"ایک بڑا معنی کے ساتھ ایک لائن ::::: \ مس کچھ بھی 4 الرحمن \ ""بہترین زندگی \"" لیکن"
0,I $ کریں & lt طرح ملا؛ # & gt؛ پر ، میں زیادہ بعد اگرچہ کچھ حاصل کر سکتے ہیں. آپ کی طرح محسوس کرتے ہیں جو کچھ بھی حاصل کریں
0,والد omw اب، میں ایک دیر سے شروع ہو گیا تاکہ اپارٹمنٹ کے بارے میں بات کرنا چاہتا تھا
0,میں نے تم دونوں کو بھی محبت :-)
0,LOL U اب بھی بیمار محسوس کر رہا؟
0,الدین میں اب یو jus کے 420 بتاو
0,فلسفہ میں میری آنکھوں تک ہوں
1,50 فیصد تک اگلے ماہ حاصل سے مزید مزید کالز 4 ؤر معیاری نیٹ ورک چارج 2 چالو کال 9061100010 سی Wire3.net 1st4Terms PoBox84 M26 3UZ قیمت ایک ¥ Â £ 1.50 منٹ MobcudB
0,ٹھیک ہے Lor. اب میں Lei کے شہر میں ہوں.
0,میں نے اسے جانے کے لئے مجھ سے پوچھا already..sabarish تھا ..
0,کوئی دا. . وجے جیا ٹی وی میں بات کرنے جا
1,فوری! ہم کرنے کے لئے رابطہ U آج پتہ چلتا ہے کہ آپ کو ایک Ã ¥ Â £ 800 انعام ضمانت حاصل کر چکے ہیں کو اپنی طرف متوجہ کر رہے ہیں. لینڈ لائن سے 09050000460 پر کال کریں. J89 دعوی کریں. پی او box245c2150pm
0,LOL میں جانتے ہیں! ارے اگر کسی فورم پر پسو کی ایک عظیم inpersonation کیا. مجھے یہ پسند ہے!
1,89555 کے لئے متن BANNEDUK دیکھنے کے لئے! لاگت 150p textoperator g696ga 18+ XXX
0,وہاں اب بھی موقع. آپ کو مشکل تلاش کرتے ہیں تو آپ کو it..let ایک کوشش کر ملے گا :)
1,نیلامی راؤنڈ 4. سب سے زیادہ بولی اب ایک ¥ Â £ 54. اگلا زیادہ سے زیادہ بولی ایک ¥ Â ہے £ 71. بولی کے لئے، بھیجنے ای بولیاں. جی. 10 (بولی لگانے کے لئے ¥ Â £ 10) کو 83383. گڈ لک.
0,آپ ہمیشہ اپنے خاندان کے ساتھ NY کے منانے کرتے ہیں؟
0,ہم محبت کی علامت کے طور پر تاج محل کو جانتے ہیں. لیکن دوسرے کم معروف حقائق 1. ممتاز ان 7 وبیش سے باہر شاہجہاں کے 4th بیوی، تھا. 2. شاہجہاں اس سے شادی کرنا ممتاز کے شوہر کو قتل کیا. 3. ممتاز اس کے کریں & lt میں انتقال؛ # & gt؛ پر ویں ترسیل. 4. اس کے بعد وہ ممتاز کی بہن سے شادی کی. سوال یہ پیدا ہوتا جہنم محبت ہے جہاں: - | -مندرجہ عظیم Hari-
0,میرے گھر کو اس کی ok..come جو مل کر اچھا VL اور وی چیٹ کر سکتے ہیں ..
1,PARIS انکا پرواز اور ہوٹل + A ¥ ایک £ 200 انعام کی ضمانت کرنے کے لئے اپنے ویلنٹائن ویک اینڈ جمع! متن: کوئی پیرس: 69101. www.rtf.sphosting.com
0,تنخواہ کی پرچی geting کے لئے ڈی webadres مجھے بھیجا
0,وہ ٹھیک ہے. اس سلام
1,کسٹمر کی وفاداری پیشکش: سے نیا Nokia6650 موبائل صرف ایک ¥ £ 10 TXTAUCTION پر ایک! TXT لفظ: نہیں شروع: 81151 & اب تمہاری حاصل! 4T & Ctxt TC 150p / MTmsg
0,لیکن تم میرے ساتھ رابطے میں سہارے.
0,جی ہاں، ابھی جا، جلد ہی واپس آ جائے
1,تم یقین نہیں کرے گا لیکن یہ سچ ہے. اس کے ناقابل یقین Txts! آپ کے دماغ اڑا گا کہ واقعی حیرت انگیز چیزیں سیکھنے کے لئے اب جی کا جواب دیں. O2FWD سے صرف 18p / TXT
0,ہاں اس بات کا یقین میں نے ایک منٹ میں چلتا ہوں
0,اور تم کس طرح کاروں جہاز کرنے کے لئے مجھے سکھا سکتا ہے کہ کسی ایک کی کیا ضرورت ہے.
0,ہم بڑی باتیں کہہ شروع کرنے پر پختگی کی علامت نہیں ہے .. لیکن ہم تفہیم چھوٹی چھوٹی باتوں ... * پڑے ایک اچھی شام * BSLVYL شروع کرنے پر اصل میں یہ ہے
0,جی ہاں آپ اس ہفتے کے آخر میں رہنے کے لئے اس بات کی تصدیق
0,انہوں نے کہا کہ ایک _ ڈن مصحف پاسپورٹ یا smth DAT طرح .. یا ایک _ اپنے ای میل اکاؤنٹ سے پاروں بھیجیں ..
0,ضرب آزادانہ اعداد و شمار کے اشارہ کے بعد، تقسیم، اعشاری مقامات میں نے تمہیں دکھایا طرح دھکا.
0,ایک خوبصورت رات ہے اور آپ اس پیغام کو دیکھنے کے لئے جاگ جب، میں آپ کے تمام کے طور پر ہونا چاہئے مسکراہٹ جاننے کی امید ہے. ایک عظیم صبح ہے
0,اے آر ڈی نے 4 ہے Lor ...
0,تم صحیح ہو. دریں اثنا کس طرح کی منصوبہ جڑواں بچوں اپ آ رہا ہے
0,میں نے پیسے کل اوہ کہ آپ Maga کی بھیجی.
1,ہیلو 07734396839 IBH کسٹمر کی وفاداری کی پیشکش: START کوئی کرنا: سے صرف ¥ Â £ 10 TXTAUCTION TXT لفظ پر نئے NOKIA6600 موبائل! 81151 & حاصل تمہاری ابھی 4T &
0,دل محبت کے بغیر خالی ہے .. دماغ .. آنکھیں خوابوں اور AMP کے بغیر خالی ر حکمت کے بغیر خالی ہے؛ زندگی frnds .. تو Alwys سے Be میں رابطے کے بغیر خالی ہے. گڈ نائٹ & AMP؛ پیارے خواب
1,ختم کرنے کے لئے 02085076972 جواب کو روکنے کے: مجھے 150p فی MSG Netcollex LtdHelpDesk سے strt واپس سننے کے لئے اس جواب کا متن - میں آپ کو گرم، شہوت انگیز ن سینگ اور تیار کیا میں لائیو مقامی ہوں
0,ہمارا سواری یکساں طور uneventful کے - رات کے اس وقت کے ارد گرد ان pesky سائیکل سواروں کی بہت زیادہ نہیں؛).
0,تم تھے تو / مفت میں دے سکتے ہیں. ورنہ سے Nalla عدی entey nattil kittum
0,میں نے اپنی بیوی کو اپنے متن بھیجا ہے. ہم نے ان کو خریدنے کے بعد وہ کیا کرنا ہے آپ کو بتا دونگا. تو صرف آرام. ہم نے ان کو اس wkend ملتا جانا چاہیئے.
0,اب میں فرار تھیٹر میں ہوں. . چند منٹ میں KAVALAN دیکھنے جا
0,یہ کتنا ایک hitman کی خدمات حاصل کرنے کی لاگت آئے گی
0,مجھے کچھ بھی ہے Lor ...
0,معذرت، میں بعد میں فون کرتا ہوں
1,اگر آپ کو ایک نیا نوکیا 3510i رنگ فون بھیج دیا گیا کل چاہتے ہیں؟ کسی بھی موبائل + 100 درسی + FREE camcorder کے جواب یا کال کریں 08000930705 200 مفت منٹ کے ساتھ
0,ہوہ لیکن میں 2 الرحمن گھر ہاتھ دائیں خالی ہو سکتے؟
0,صبح بخیر شہزادی! نیا سال مبارک ہو!
1,مبارک ہو تم جیت گئے ہیں. آپ ہمارے اگست کو ¥ Â £ 1000 میں فاتح انعام ڈرا ہو. 09066660100 اب کال. انعام کوڈ 2309.
0,Aight، ہم چند ایک میں باہر کی قیادت کریں گے
0,پھر R اور Wat U اب کر رہا؟ مصروف WIF کام کرتی ہے؟
0,میں تمہیں آج بند موڈ جانتے
0,جے پہلے سے ہی مجھ سے کہا، کیا کریں گے
0,CPS تحفظ توانائی کو لوڈ شیڈنگ کے باعث بن رہا ہے.
0,مجھے یقین ہے کہ، میں صرف باہر علاقے کے ارد گرد کیا ہو رہا ہے کی جانچ پڑتال کی گئی تھی نہیں کر رہا ہوں
0,ارے پوچھیں کرنے کے لئے صبح جو تم آنا :-) PA ...
0,اردن گزشتہ Nite میں باہر ووٹ کیا گیا!
0,مطلب یہ ہے کہ آپ کو ای پی آئی، she.s ٹھیک میں ایک مل گیا. اب یہاں She.s.
0,میں نے آپ کہاں ہیں کوئی اندازہ نہیں ہے
0,Pls اس ننگے کھچڑی فوری آتے ہیں.
0,خوشی کے والد یحیی ہے. پھر جان خوشی کے والد کا ____ ہے. یو جرم ANS تو آپ ہولدار کریں & lt؛ # & gt؛ پر IQ. جواب دینے کے لئے TIS کے آئی اے ایس کے سوال آزمائیں.
0,مجھے فون کرنا. میں نے کیل کرنے کے قابل نہیں ہوں. ملو بھاسکر، اور گہری دیتا ہے
0,نمبر لائبریری میں آپ سے ملنے I.ll
0,K، میری روممیٹ بھی ایک dubsack چاہتا ہے اور ایک اور دوست بھی اضافی لانے پر منصوبہ بندی تو کچھ چاہ سکتے ہیں، میں آپ کو بتاتا ہوں، جب وہ اس بات کا یقین کے لئے جانتے ہیں
0,انفرادی ہے Lor ای ہیئر ڈریسر پر منحصر ہے بہت کہتے ہیں لیکن میرے والدین نظر گانگ کا کہنا ہے کہ. یو kaypoh .. میں بھی Dunno کی وہ جمع کرنے اور Wat.
0,ٹھیک ہے C ایک _ پھر.
0,میں دیکھ اور فٹ بال اور باسکٹ بال کے کھیل سے لطف اندوز. کوئی بھی چیز باہر. اور آپ؟
0,آپ مردانا کیا ان کی قیمت کی حد ہے براہ کرم دریافت کریں کر سکتے ہیں، انہوں نے کچھ نیا یا استعمال کیا چاہتے کرتا علاوہ یہ کہ وہ صرف میں بلیک بیری بولڈ کریں & lt interfued؛ # & gt؛ پر یا کسی بی بی
0,معذرت دوبارہ خالی MSG بھیجا. جی ہاں لیکن 2 کی کوشش کر کچھ سنجیدہ اب زیر تعلیم ہوں.
0,ارے یہ دا چیک کریں. میں نے دا ذکر کیاہے.
1,8007 25p 4 الرحمن ہجوم پر ضرورت گیت میں Alfie کے چاند کے بچوں. الرحمن m8s بتائیں. nokias یا polys لئے پولی، کثیر صدقہ کے لئے 8007 کو TXT سر صدقہ: جیڈ 08701417012 منافع 2 صدقہ
0,میں کریں & lt مجھے منشیات حاصل کرنے کے لئے آپ کو texting کے لئے مجھ سے معافی کے طور پر مراد؛ # & gt؛ پر رات کو
0,میں نے آڈیشن کے موسم کے دوران جلد واپس کرنے کے لئے کی ضرورت نہیں ہے اور آگے تب سے میں نے اپنی بہن سے Harlem سے دور منتقل کر دیا گیا ہے کے طور پر وہاں نیچے رہنے کے لئے ایک جگہ ہو رہی کریں گے فروری سے اپریل مطلب ہے کہ.
0,ورزش ہے Lor ... رٹنا کھو ای چربی کو رہا ...
0,لات، غریب میں Zac ایک موقع کھڑے نہیں کرتا
0,کوئی message..no responce..what happend؟
0,میں تل کرنا چاہتے U ایک بات ڈیسک جلد از ک یہ پیغام آپ کو بھیجا ہے IS سمجھنے کی غلطی نہیں کرنی چاہئے :)
0,ہاں درست! میں نے اپنے ٹیپ کی پیمائش جمعہ پڑتا ہوں!
0,وہاں اب بھی موقع. آپ کو مشکل تلاش کرتے ہیں تو آپ کو it..let ایک کوشش کر ملے گا :)
0,یو ملاقات میرا کام ہے. . . تل مجھے جب میں نے اپنے کام کل کروں گا
0,میں براہ راست نہیں یا جو سربراہ چاہئے
1,سے Tonights کھیل کے لئے Yer موبائل پر سرکاری ENGLAND پولی، کثیر رنگ ٹون یا رنگ کے پرچم حاصل کریں! ہائے سر یا پرچم 84199. Optout TXT ENG STOP Box39822 W111WX Ã ¥ Â £ 1.50 کرنے کے لئے
0,آپ راجکماری شکریہ! تم بہت سیکسی ہیں ...
0,Oooh کی میں ان کی کافی مقدار مل گیا!
0,ھوئی معاف دا لب پر ہے.
0,اس کا ایک بڑا فرق. کریں & lt؛ # & gt؛ پر بنام کریں & lt؛ # & gt؛ پر ہر کریں & lt؛ # & gt؛ پر گھنٹے
0,اس سے تم نے مجھے رلا نہیں ہے. ایسا لگتا ہے کہ ہمارے تمام چیزیں باقی سب کے سب پر ہوتا ہے جب، یہ مجھے کنارے پر ہلا دیتا ہے صرف ہے. تم نہیں underdtand اکثر میں اپنے افسوس، افسوس زندگی پر رونا کس طرح.
0,"\ ME 2 بیب مجھے محسوس وہی اسے کے بارے میں صرف 4GET آئیے + دونوں کی کوشش کریں + خوش ہو جاؤ + فٹ نہیں SOO MUCHXXLOVE یو LOCAXX \ """""
0,تم صحیح اسباب ہک کیا پتہ؟
1,کسٹمر سروس کا اعلان. ہم نے حال ہی تم سے ایک کی ترسیل کے بنانے کی کوشش کی ہے لیکن ایسا کرنے کے لئے ایسا ہے، تو دوبارہ شیڈول کرنے 07090298926 پر کال کریں قاصر تھے. ریفری: 9307622
0,الرحمن فون کی اور Wat کے دا ماڈل NUM؟
0,انہوں نے کہا کہ حقیقت یہ ہے کہ وہ اس سے دور پھینک دیا اور بارز کے ساتھ ہواؤں اور اس کی باہوں ہر پانچ منٹ پر تمام گندگی ہو جاتا ہے کے باوجود اب skateboarding کے میں واقعی ہے
1,"آپ کی شرائط کے لئے. ایچ ٹی ایم ایل \ STOP MIX \ ""دیکھنے my-tone.com/enjoy جواب دے کر مزید آگے کلب ٹونز روک سکتے ہیں. کلب ٹن / ہفتے GBP4.50 لاگت آئے گی. MFL"
0,میرا یہاں گھر ای آسمان بالکل تاریک لیاو ... تو مل گئی عذر نہیں 2 رن بارش نے پہلے ہی رسم ... ہی ...
0,معذرت، بائیں فون اوپر. ٹھیک ہے، مصروف ہو سکتا ہے لیکن ایک جھپٹا گر کے ساتھ میرے تمام پرندوں ہو جائے گا. یہ ایک تاریخ ہے.
0,* نے سوچا کہ میں آپ کو نہیں دیکھا.
1,wamma رکھی؟ رئیل سے Doggin مقامات آپ کے موبائل سے براہ راست بھیجا چاہتے ہیں حاصل؟ UKS بڑا والی dogging نیٹ ورک میں شامل. 69696 ابھی! کھیلیں کرنے کے لئے TXT کتوں. ec2a. 3lp Ã ¥ Â £ 1.50 / MSG.
0,کارلوس ہم بعد میں تو جی ہاں ہم ہیں سیٹ کے پاس سے اٹھا سکتے ہیں کا کہنا ہے کہ
0,بیب ارے، میرے دوست کے دورے کے لئے اب بھی، منسوخ کرنا پڑا؟
0,آپ کی درخواست 'سے Maangalyam (Alaipayuthe کی)' کے مطابق تمام کالرز کے لیے آپ callertune کے طور پر مقرر کیا گیا ہے. پریس * 9 اپنے دوستوں Callertune کاپی کرنے کے لئے
0,ہمم بیمار ٹھیک تمہیں معاف کر رہے ہیں اس کے بارے میں سوچنا ہے ...! = D
0,ہم Langport سے 7 کی طرف سے دور حاصل کرنے کی امید کر رہے ہیں. آپ ابھی بھی کل شہر آج رات کے لئے؟
0,مجھے ایک مجازی گلے بھیجنے کے لئے چاہتے ہیں؟ ... کیا میں ایک کی ضرورت ہے
0,شاید نہیں، اب بھی یہاں کچھ چیزیں ختم ہو جا
0,یہ ابھی کے مسائل ہیں. کل تک اس کے لئے بیمار طے کر.
0,کیوں میں نے تم لوگوں کے درمیان میں آ
0,سے Senthil گروپ کی کمپنی Apnt 5pm کے.
0,اوہ واقعی ؟؟ آپ کو یہ ہوا پر مجبور کیا؟ تمہاری پرتیبھا کیا ہے؟
0,مطالعہ. لیکن i.ll مفت اگلے ہفتے کے آخر میں ہو.
0,R یہاں U ابھی تک؟ میں نے نیلے رنگ کی شرٹ ن سیاہ پتلون پہن رہا ہوں.
0,Wait.i باہر آ جائے گی .. کریں & lt؛ # & gt؛ پر منٹ :)
0,میں اندر کریں & lt الرحمن کے گھر تک پہنچ جائے گی؛ # & gt؛ پر منٹ
0,ویسے تو آپ ایک عظیم ہفتے کے آخر میں ہے!
0,آپ langport میں کیا کر رہے ہو؟ معذرت، لیکن میں شاید بستر میں 9pm کے ذریعے ہو جائے گا. اس کرسمس پر بیمار ہونے کی وجہ سے بیکار ہے! جب آپ اور go2sri لنکا کرتے ہیں؟
0,"Frnd کی نہیں ایک لفظ پاروں ..... محض ایک رشتہ ..... اس کی ایک خاموش وعدہ کہنا ہے کہ جس ... \ میں آپ کے ساتھ ہو جائے گا \ ""Wherevr .. Whenevr .. Forevr ... Gudnyt عزیز. . """
0,ہہ؟ 6 بھی نہیں کر سکتے؟ اس کے بعد صرف کتنے غلطیوں؟
0,ہا ... U jus کے شہد AR کھا لیا؟ کتنا پیارا...
0,میں اپنے فون بند کر رہے ہوں. میری ماں ہر کوئی کہہ رہا ہوں کینسر ہے. اور میری بہن بلا روک نہیں کرے گا. اس سے بات کرنا تکلیف دیتا ہے. اس کے ساتھ نہیں ڈال سکتا. یو دیکھو یو گھر حاصل کرتے ہیں. تم سے پیار ہے
0,ہنی؟ پیارے؟ ڈارلنگ؟ شہوانی، شہوت انگیز بنس؟ چینی بیر ؟ سے Loverboy؟ میں نے آپ کو یاد کے boytoy ... * * آپ بھی جم جانا تھا آپ گدا smacks کے؟
0,تو مجھے محبت کرنے کے لئے شکریہ. تم چٹان
0,جے کچھ ادویات کرنا چاہتا سبب ہاں سے Imma آئے
0,ٹھیک ہے شکریہ ... دیکھ بھال پھر ...
0,ہاں. یو کے THK اور Wat بورنگ Oso کی.
0, فلیٹ کو دیکھنے کے لئے آئے تھے، ان کے 50s میں، ٹھیک ہے لگتا ہے؟ * دور میں wiv کا کام بہت ہے. ملا عورت بھی 6.30 پر آ رہا.
0,سے Moji صرف مجھے بتایا کہ آپ ہمیں بچایا. شکریہ.
1,آپ کو ایک نوکیا 7250i جیت گیا ہے. اس سے آپ کو ہماری مفت نیلامی جیت ہے جب آپ کو حاصل کیا ہے. اب 86021 کو حصہ بھیج نوکیا لینے کے لئے. HG / Suite342 / 2Lands قطار / W1JHL 16+
0,کلاس میں اس AM سے Whos :-)
0,R ارے Ã _ اب بھی آن لائن ہے؟ میں نے فارمیٹنگ فارغ کر دیا ہے ...
0,زبردست! تو کیا آپ brothas کو اپنی طرف متوجہ ہے؟
1,پروموشن کا نمبر: 8714714 - UR ایک شہر توڑ سکتا WIN ایک ¥ ایک £ 200 گرمیوں میں خریداری کے اتسو مناینگی ہر WK نوازا اور. 88039 کو TXT سٹور. SkilGme. TsCs087147403231Winawk! Age16 Ã ¥ Â £ 1.50perWKsub
0,ممکن نہیں Stupid.its
0,میں ابھی فون اٹھا سکتے. Pls ہمیں ایک پیغام بھیجیں
0,LOL ویگاس میں ویگاس قیام میں کیا ہوتا ہے
0,ہیلو، ہیلو، ہیلو لو افسوس یہ اتنا طویل 2 میں لنکاسٹر میں دوستوں میں موبائل بائیں reply- لیا، بس اسے باک Neway معذرت پیدائش میں couldnÃ ¥ ایک ٹی الرحمن BA ¥ ایک دن کر دے 2 ہن ملے!
0,جب میں SOC استعمال کیا تھا ... میں نے صرف گھر میں اس کا استعمال ... ایک چکی ہے کہ کس طرح لفظ AR میں 2 قسم جو ...
0,والد جہنم جلدی کہنا ہے کہ
0,میں مجھے جاگنا کریں & lt؛ # & gt؛ پر صبح ہوں :)
0,مجھے پسند کریں & lt میں BSN میں کلاس سے باہر نکلتے ہیں؛ # & gt؛ پر منٹ، آپ جانتے مشورہ دے کہاں ہے؟
0,زبردست! میں تو تیار ہو جاؤ بڑا بوجھ گولی مار!
0,میں نے لابی میں آپ ملیں گے
0,تم اب بھی آج رات آ رہا؟
0,کیا پیارے مجھے بتاو ہو
0,مہاشی، میں نے ایک بار مجھے آزاد براہ مہربانی کال، آپ کی کال کا انتظار کر رہا ہوں.
0,نہیں میں اپنے لیپ ٹاپ میں نہیں کسی بھی فلموں ہونے نہیں کر رہا ہوں
0,میں نے میں نے پر texted جب ایسا کرنے کے بارے میں تھا. میں نے پہلے ایک طویل وقت ختم ہو گیا اور پوچھ گچھ اور er'ything!
0,ٹھیک IM نہیں یقین ہے کہ کس وقت میں کل ختم لیکن میں آپ کے ساتھ شام کو خرچ کرنا چاہتا ہوں کیونکہ کہ vewy vewy lubly ہو جائے گا! محبت مجھے XXX
0,ہیلو، سے کریں & lt درخواست کے مطابق؛ # & gt؛ پر Rs.5 آپ پر منتقل کر دیا گیا ہے
0,مجھے tirupur میں ہوں. آپ دا کال کریں.
1,آپ نے ایک فاتح آپ خاص طور پر ایک ¥ Â £ 1000 نقد یا ایک Ã ¥ Â £ 2000 ایوارڈ وصول کرنے کے لئے منتخب کیا گیا ہے ہے. دعوی کی کال 087147123779am-7pm پر ایک لائیو آپریٹر سے بات کریں. لاگت 10P
0,S:) لیکن انہوں نے کچھ luck.2 کیچ نیچے رکھ پڑا :)
0,مجھے NOE کس طرح ... ایک کیا _ nusstu طور دا ڈومین وضاحت ... اب بھی SCH میں ایک ...
0,اوہ ... میں نے مذاق کے لئے پوچھا. ہا ہا ... یاد رکھو. Ã _
0,میں نے اپنے تیلی لے آؤں؟
0,سے Loverboy ارے! میں تم سے پیار کرتا ہوں !! مجھے بتانا پڑا ... میں آپ کی تصویر کو دیکھو اور درد میری ٹانگوں کے درمیان آپ کو محسوس کرنا ... بھاڑ میں تمہیں چاہتا ہوں ... مجھے آپ کی ضرورت ہے ... میں آپ چاہتے ہیں.
0,میرا لڑکا کیسا ہے؟ آج صبح میرے لئے چھوڑ دیا نہیں کی میٹھی الفاظ ... * آہیں * ... آپ کس طرح دن، میرا پیار ہے؟ آپ کو آپ کا مطالعہ شروع کیا؟
0,کینٹ وادی ہے Lor ... ایک ایک انتظار 4 مجھے وہاں آپ AR؟
0,ٹھیک ہے. بہت اچھا. کہ پیسے کمانے کے بارے میں اس کی تمام.
0,سے Gud عادت پڑھنا .. نےن باری hudgi yorge pataistha ertini Kano کی :-)
0,Aight آپ اب بھی پیسے حاصل کرنے کے لئے چاہتے ہیں
1,81618-؟ 3 فی ہفتہ سٹاپ SMS-08718727870 کو ہفتہ وار رنگ ٹون حاصل 1st ہفتے آزادانہ بھیجیں SUBPOLY کو مفت Top رنگ ٹون -sub
0,Ok.ok ok..then..whats الرحمن آج کی منصوبہ بندی
0,تم شہر میں ہیں؟ یہ وی ضروری ہے
0,معذرت PA، میں سے Dont knw جو RU PA؟
0,اور Wat U وہاں ہو؟
0,میں میٹنگ نہ تو _ تمام رسم پھر میں گھر ہے Lor جائیں گے. اگر ایک _ جو کی ٹھیک آ طرح ڈن احساس.
0,اوہ، میں ادا ہو جائے گا. سب سے زیادہ شاندار میں سے ایک ایک تجارتی میں نے اگست میں Hasbro لئے کیا ... کے لئے ہے! انہوں نے ہمیں بہت سے hoops کے ادا کرنے کے لئے، تاکہ ذریعے کود بنا دیا. ابھی تک نہیں.
0,مجھے دیر ہو گئی تاکہ ummifying کل morning.take دیکھ بھال میٹھی سپنے آپ کو کال .... یو اور مجھے ... ... الوداع.
0,نیٹ ورکنگ تکنیکی مدد ایسوسی ایٹ.
0,میں نے اپنا بچہ دانی باہر چیر والا ہوں.
0,ڈاؤن لوڈ، اتارنا. کیا آپ کو تیراکی پسند ھے؟ میں نے اپنے گھر میں ایک پول اور jacuzzi ہے.
1,آپ رنگ ٹون حکم، ریفرنس نمبر X49 کے لئے شکریہ. آپ کا موبائل چارج کیا جائے گا 4.50. آپ کے سر سے نہیں براہ مہربانی کال کسٹمر سروسز 09065989182. پہنچ جانا چاہئے: [رنگ = سرخ] متن [/ رنگ] TXTstar
0,جی ہاں کیوں نہیں، گینگ تمام تیار ہے
0,خالی خالی ہے. لیکن خالی اور Wat ہے؟ Lol
0,میں نے ایک فلم ... کلیکٹ کار oredi میں ہوں ...
0,اب ہم باگ پر پہلے ہی ہم کو چھوڑ دیا.
1,ہیلو، الرحمن خوش قسمت رات 2nights! 2 XCHAT مدعو کیا گیا UVE، Uks کی بات چیت کے wildest! اب 86688 کو TXT چیٹ کریں! 150p / MsgrcvdHG / Suite342 / 2Lands / قطار / W1J6HL LDN 18yrs
0,کچھ بھی نہیں spl..wat یو ABT اور RU WHR؟
0,کوئی سے Chikku میں آزاد ہوں ابھی تک NT .. یس
0,Aldrine، rakhesh سابق RTM here.pls call.urgent.
0,تلاش کے 4 خوشی ناخوشی کا D اہم ذرائع میں سے 1 ہے! زندگی کے راستے یہ آتا ہے قبول کریں! U ہر لمحے یو رہتے میں خوشی مل جائے گا.
0,میں گھر پر ہوں. کال کریں
0,میں نے آپ کو کسی بھی طور پر ایک بہانہ اچھا کے طور پر ہو سکتا ہے LOL لگتا ہے.
0,زندگی میں ایک necesity frnd نہیں ہے؟ ایک frnd witout ہیں urself تصور .. U الرحمن colleg پر محسوس hw'd؟ یو الرحمن سیل WTH کرتے wat'll؟ افعال ABT WAT؟ واقعات ABT thnk، دیکھ بھال کی یاد اور AMP espe'll؛ یو چڑھ؟ سب کے لئے یہ 4wrd والوں عزیز سے محبت کرنے والے frnds جن wthout یو بسر نہیں کر سکتے .. میں نے یہ کیا JST .. Takecare .. :) سے GoodMorning
0,سے Gud mrng عزیز ہولدار ایک اچھا دن
0,univ قریب پرانا باگ. تم کیسے ھو؟
0,4 tacos کے + 1 راجاؤں Burrito کی، ہے نا؟
0,یہ ایک ° ایک · ے ایک ¥ Â £ 6 میں حاصل کرنے کے لئے، یہ ٹھیک ہے؟
0,سڑک لائبریری واک کے آخر ہے جہاں سکا؟
0,Plz کی نوٹ: اگر ایک موبائل کمپنی اور AMP سے بلا کسی؛ # & gt؛ پر یو # کریں & lt ٹائپ کرنے کی پوچھتا ہے؛ یا # کریں & lt؛ # & gt؛ پر . ایسا نہ کریں. ، کال منقطع جو کوئی SIM کارڈ کے استعمال بنانے کے لئے 'دہشت گرد' کی ایک کوشش iz میں coz کہ. سے Itz نوکیا این Motorola ڈاؤن طرف confirmd این CNN IBN کی طرف سے تصدیق کی گئی ہے.
0,ہم آئس کریم حاصل کرنے کے لئے بند کر دیا اور واپس کے بعد چلا جائے گا
0,تم نے اس کی پتلون کی سلائی دیا
0,کوئی دا. . وجے جیا ٹی وی میں بات کرنے جا
1,2/2 146tf150p
0,ارے میں بور کر رہا ہوں ... تو مجھے آپ کے بارے میں سوچ رہا ہوں ... تو یو پوسٹ کر ر؟
0,نہیں، بدھ. میں نے منی مجھے Cheetos بیگ لانا چاہئے جب؟
0,کوئی بھی نام ان کے عضو تناسل ایک لڑکی کا نام اس کہانی بالکل شامل نہیں ہے
0,Aight، تم پھر یو ایس ایف کے ارد گرد ہونا ہو جب مجھے بتائیں
0,میں نہیں. وہ shangela ساتھ موافقت پذیر ہونٹ.
0,میں کس طرح نوح ... میں نہیں گھر میں دا پچھاڑی اور Wat میں ہوں ایک نیوا مجھے بتائیں ...
0,ؤر مسکراہٹ کا ایک تھوڑا سا میرے hppnss ہے، ؤر آنسو کا ایک قطرہ میرے دکھ ہے، ؤر دل کا ایک حصہ ہے، میری زندگی ہے میری طرح ایک دل forevr میرے GOODFRIEND طور پر، یو کے لئے دیکھ بھال جایئں
1,محترم واؤچر حاملین 2 آپ کی چھٹی واؤچر کال 08704439680. استعمال کرتے وقت اقتباس 1st کلاس ایکس 2 جب بکنگ آپ 1st کلاس ایئرپورٹ لاؤنج گزر جاتا ہے کا دعوی
0,بز! ارے، میرے پیار! میں نے آپ کے بارے میں سوچ اور آپ دن اچھی طرح چلا جاتا ہے امید ہے کہ. تم میں سے سو کر دیا؟ بیبی میں تمھیں مس کر رہا ہوں. میں طویل لمحے ہم دوبارہ ایک دوسرے کے ساتھ ہیں کے لئے * محبت کرنے مسکراہٹ *
0,ہا ہا ... آواز پاگل، Dunno کی کر سکتے ہیں tahan کی anot ...
0,کیوں U اتنی جلدی ہے؟
0,یس کہ ایک کو پو طور پر سست ہے
1,بلومبرگ -Message مرکز +447797706009 انتظار کیوں؟ آپ کے مستقبل HTTP کے لئے: // کیریئرز. bloomberg.com
0,"gloucesterroad پر \ رکھا بعد میں کرنے uup کیا ہیں؟ \ """""
0,جی ہاں:) یہاں ٹی وی کے کام کی جگہ میں ہمیشہ دستیاب ہے ..
1,جی ہاں! صرف دلچسپ بالغ سنگلز سے ملنے کے لئے شہر میں جگہ اب برطانیہ میں ہے. اب 86688 کو TXT چیٹ کریں! 150p / پیغام.
0,کوئی LOL آاچ لیکن خواہش ہے کہ میں تھوڑا سا طویل باہر ٹھہرے تھا
0,"خدا سے پوچھا، \ معافی کیا ہے؟ \ ""ایک چھوٹے بچے کی پیاری جواب دیا"
0,ہم میں شامل ہونے کریں & lt گے؛ # & gt؛ پر بس
0,صرف پوچھنا ہی والا تھا. اس ایک رکھیں گے. ہو سکتا ہے کہ آپ سب کے پیغامات ہم GLO پر آپ کو بھیجا ملتا کیوں نہیں بتایا کے کہ
1,1st کی ہفتے کے لئے مفت! No1 کی نوکیا کو صرف NOKIA TXT 8007 کے لئے حاصل txting اور بتا الرحمن ساتھیوں www.getzed.co.uk پی.و. 36504 W45WQ norm150p / سر 16+ سر 4 الرحمن ہجوم ہر ہفتے
0,K.i میں کریں & lt بھیج دیا جائے گا؛ # & gt؛ پر منٹ :)
0,مجھے مدد کی باہر آپ تمباکو نوشی کریں گے ہمیں اس مشکل وقت کے ذریعے کام
1,کسی نے یو جانتے ہیں کہ تم سے کہا ہے کہ ہمارے ملنہ سروس 2 کانٹیکٹ! کون اندازہ لگا سکتے؟ کال 09058095107 اب تمام نازل کی جائے گی. پی.و. 7، S3XY 150p
0,Yes.mum مضبوط رہے :)
0,سر سے GoodMorning، ایک بار فری کال مجھے.
0,تم مجھے کہاں پر کال کر رہے ہیں.
0,اس پیغام کو دیکھنے کے لئے GR8 تھا. تو جب یو چھوڑ کر ر؟ مبارک ہو پیاری. کیا اسکول اور Wat الرحمن منصوبوں کا ر.
0,اس سے محبت! دفتر میں لڑکیوں حیرت ہے آپ کو زخم لیکن مسکرا رہے ہیں یہی وجہ ہو سکتی ہے ...
0,ہیلو، wlcome واپس، آپ کو زیادہ سے زیادہ ایک شعر یا کچھ اور، کچھ بھی کھا لی ہے تو تعجب کیا
0,سماشودھن گاڑیوں میں چچا سے Timi مدد کرتا ہے
0,مجھے ہاسٹل آیا. میں سونے جا رہا ہوں. Plz کی کلاس سے پہلے مجھے فون. Hrishi.
0,ٹھیک ہے ... لیکن بیگ دوبارہ ..
0,ہیلو! آپ صرف ہم آپ کے تجربے کے ساتھ مطمئن تھے تو میں جاننا چاہوں گا منین وی سے بات کی. ہاں یا نہیں. ساتھ ٹول فری جواب
0,ٹھیک ہے Lor. MSG مجھے یو فون کریں B4.
1,Mila کی، age23، سنہرے بالوں والی، برطانیہ میں نئے. میں برطانیہ لڑکوں کے ساتھ جنسی نظر آتے ہیں. U میرے ساتھ مذاق پسند ہے. 69866،18 کو لکھ کر MTALK. 30pp / TXT 1st کی 5free. Ã ¥ Â £ 1.50 دھیرے بڑھتا. Help08718728876
0,"ایک دفعہ ایک fishrman ابتدائی ڈی mrng میں اٹھی. یہ بہت سیاہ تھا. وہ تھوڑی دیر اور AMP انتظار کیا؛ پتھروں کی ایک بوری ∎ کا پایا. انہوں throwin THM in2 D سمندر 2 پاس وقت strtd. وہ jus کے 1stone تھا Atlast، سورج اپ کریں & amp گلاب؛ وہ لوگ جو R NT پتھروں THT پتہ چلا، ان ہیروں تھے. اخلاقی: \ سے Dont ابتدائی ڈی mrng میں جاگ '' شب بخیر """
1,200 خریداری اتسو مناینگی دعوی، ابھی ابھی 08717895698 پر کال کریں! آپ جیت گئے! MobStoreQuiz10ppm
0,پھر الرحمن طبیعیات ایک- حاصل؟
0,عزیز دوستو، دیر معلومات کے لئے معذرت. آج ہماری محبت Ar.Praveesh کی سالگرہ ہے. مزید تفصیلات کے چہرے بک پر لاگ ان کریں اور دیکھنے کے لئے. اس کا نمبر + کریں & lt؛ # & gt؛ پر . سے Dont ایک مزیدار دعوت یاد آتی ہے.
0,کس طرح R نے ایک _ یہ مجھے بھیجنے کے لئے جا رہے ہیں؟
0,آپ کو آن لائن ٹرانزیکشن کر سکتا ہوں؟
0,محترم ٹرین ملا اور کان کے نچلے نشست نشست
0,آپ کسی اور چیز کی ضرورت ہو تو مجھے بتانا. ترکاریاں یا صحرا یا کچھ اور ... میں کتنی بیر حاصل کروں؟
0,آپ کیا کر رہے ہو؟
0,کسبی ناقابل اعتماد ہیں.
1,جواب TONES2U 2 اس متن ایک ہفتہ وار نئے سر کے ساتھ الرحمن fone جانا اپ فنک کرنا چاہتے ہیں. www.ringtones.co.uk، اصل N بہترین. ٹونز 3GBP نیٹ ورک آپریٹر کی شرح کا اطلاق
0,کیا آپ واقعی مطلب نہیں \ کرتے یہاں حاصل ہیں
0,میں تم سے پیار کرتا ہوں !!! تمہیں معلوم ہے؟ تم نے اسے محسوس کر سکتے ہیں؟ یہ آپ کے پیٹ گرم ہے؟ میں یہ کرتا ہے، میری محبت ... میں آپ کو آپ کے خواب میں، احمد ... * سجدہ بوسہ ملنے والے کی مرضی *
1,twinks کے، ریچھ، scallies، کھالیں اور jocks اب بلا رہے ہیں. ہفتے کے آخر میں مذاق مت چھوڑیں. 10P / منٹ پر 08712466669 پر کال کریں. 08712460324 2 سٹاپ نصوص کو فون (NAT کی شرح)
0,اس سے محبت! میں سہ کے ساتھ اس خوبصورت بلی کے سیلاب کے لئے چاہتے ہیں ...
0,ارے آپ مجھ سے ناراض ہیں. مجھے ڈاکٹر جواب دیں.
0,مختصر مگر خوبصورت: ایک اچھا انسان ہونے \
0,اس کے علاوہ موتیوں بند نہیں آتے یاد ہے. کبھی.
0,انہوں نے پی پی ایل نے نائٹرو درخواستوں کو پوسٹ جہاں فورمز کی پسند کی فہرست سیکشن پر ایک دھاگہ ہے. آخری صفحے سے اور جمع نیچے سے شروع کریں.
0,پہلی بار میں تاریخ 'ضرورت' 'سکون' اور 'پر تعیش' کے لئے میں بھارت ایک ہی قیمت پر فروخت کی جاتی ہیں .. !! پیاز روپے کریں & lt؛ # & gt؛ پر پیٹرول روپے کریں & lt؛ # & gt؛ پر بیئر-روپے کریں & lt؛ # & gt؛ پر SHESIL کریں & lt؛ # & gt؛ پر
0,"فروری کریں & lt؛ # & gt؛ پر رہا ہے \ I LOVE U \ قابل قدر FRNDS \ ""دن. مسترد تمام الرحمن \ پر بھیجیں"" ""EVN مجھ 3 واپس آتا ہے تو u'll GT شادی D شخص U Luv کی! U مسترد نظر انداز تو یو الرحمن Luv کی 4 EVR ختم ہو جائے گی"""
0,دراصل nvm، سے Hella نقد ملی، اب بھی کے لئے کریں & lt پر ہم؛ # & gt؛ پر ish کے؟
1,ہم رابطہ کرنے کی کوشش آپ کو ایک ویڈیو ہینڈسیٹ کی ہماری پیشکش کے لئے آپ کے جواب کو دوبارہ؟ 750 کسی بھی وقت کسی بھی نیٹ ورکس منٹ؟ لا محدود متن؟ Camcorder کے؟ جواب یا اب 08000930705 پر کال کریں
0,آرمنڈ کے ارد گرد اب بھی کم از کم یہ ٹھیک ہے
0,کوئی دا. مجھے یقین ہے کہ ہم ایک دوسرے کے ساتھ NA بیٹھ خوش ہوں
0,جی ہاں نغمہ بھائی. کوئی تخلیقی. نیوا ٹیسٹ معیار. انہوں نے کہا کہ جائزہ لینے کی جانچ پڑتال آن لائن کو بتائی.
0,کوئی یار، اس fake..my نہیں frnds پیسے ملے، thts میں اپنے میل لنک عقل یو رکن u..if reffering ہوں Y، یو قرضہ VL جا کریں & lt؛ # & gt؛ پر # & gt؛ پر روپے اور ال getiing کریں & lt ہو؛ rs..i میری ایسیسی اپنی طرف متوجہ کر سکتے وین یہ ہے کریں & lt؛ # & gt؛ پر روپے ..
0,یار، جبکہ ان لوگوں weirdy چاکلیٹ میری بہن بہت اچھا کوکیز بنایا مکین رہے تھے. میں نے تصویر لی.
1,فوری! ہم آپ سے رابطہ کرنے کی کوشش کر رہے ہیں. آخری اختتام ہفتہ پتہ چلتا ہے کہ آپ کو ایک Ã ¥ Â £ 900 انعام ضمانت حاصل کر چکے ہیں کو اپنی طرف متوجہ. 09061701851. دعوی کوڈ K61 کال کریں. درست 12hours کے صرف
0,anythin وہ اگلے دو دنوں کے لئے پسند کرتا ہے Pls ہمیں کھانے سے اس کو محدود نہ.
0,مم آپ کو اس کے لئے کافی آنا اس سے پوچھو :-)
0,آڈری اور والد صاحب کے ساتھ جنازہ گھر پر
0,Aight، آپ مجھ ایڈریس متن سکتے ہیں؟
0,بہترین! ہم ابھی ایک ساتھ ہوتے!
0,ہاں تو ٹھیک 7.30 یا 8.30 آئس ایج کے لئے ہے.
0,Pls اگر مجھے god.not صرف یسوع یقین گا.
0,کر سکتے ہیں. Dunno کی 4 اس کے حاصل کرنے کے لئے اور Wat ...
0,ابھی تک chikku..k نہیں، تو پھر اور Wat ABT THT آدمی وہ پریشان یا یو کو msging روک دیا تھا ..
0,کتنا وقت اسے حاصل کرنے کے لئے لگتا ہے.
0,یہ وویک طرف میرا نمبر ہے ..
1,74355 کرسمس iscoming & الرحمن نوازا یا تو ایک ¥ Â £ 500 CD تحفہ واؤچر اور مفت انٹری 2 R نے ایک ¥ Â £ 100 ہفتہ وار 87066 TNC کرنے TXT MUSIC اپنی طرف متوجہ
0,معذرت brah، صرف میرے امتحان کے آخری فارغ کیا اپ
0,میں نے اوپر رکھنے پر گرفتار کیا گیا ہے، میں آپ کو نہیں شٹ، کریں & lt؛ وقت اور جی ٹی. PM
0,آپ درست اگرچہ ہیں. میں نے آپ کو جگہ آپ چاہتے ہیں اور ضرورت نہیں دے سکتے. یہ واقعی ایک مسئلہ بننے کے لئے شروع کر رہا ہے. میں باہر ایک خاص اقدام کی ترتیب کا مشورہ کرنے کے لئے جا رہا تھا - میں یونان کے بعد اب بھی میں وہاں ہوں تو. لیکن شاید آپ کے لئے تیار ہیں اور اب یہ کرنا چاہئے.
0,بس یہیں عام :)
0,ای خطرات سے خود کو محفوظ کریں. SIB کبھی نہیں پاسورڈس، ATM / SMS PIN ای میل کے ذریعے جیسے حساس معلومات کے لئے پوچھتا ہے. کسی کے ساتھ اپنا پاس ورڈ اشتراک کبھی نہیں.
0,میں نے آپ کو اتنا مجھے ایسا desparate مجھے پیغام آپ کو دوسرے دن میرے لئے چھوڑ ریکارڈ کیا اور صرف اپنی آواز سننے کے لیے اس کو سننے کی ہے ہوں یاد آتی ہے. میں تم سے پیار کرتا ہوں
0,ہیلو. مجھے یاہو پر آن لائن ہمیشہ ہوں اور تم کسی دن کے ساتھ چیٹ کرنے کے لئے پسند کریں گے
0,سے GoodMorning، میرے دادا expired..so آج چھٹی پر ہوں.
1,مبارک یو نومبر یا Blu تحفہ میں کنسرٹ میں 2 VIP قطار ایک ٹکٹ 2 C بلو دعوی کر سکتے ضمانت کال 09061104276 دعوی کرنے کے لئے ٹی ایس اور کاوچ سرفنگ www.smsco.net کوسٹا ¥ Â £ 3.75max
0,تم کہاں ہو ؟ تم کیا کر رہے ہو ؟ yuou اپنی ماں کے لیے پی سی حاصل کرنے پر کام کر رہے ہیں؟ آپ کو یہ کام کرے گا کہ ایک جگہ تلاش کیا؟ مجھے آپ کی ضرورت ہے
0,ضرور، میں دیکھتا ہوں کہ میں تھوڑا سا میں کی طرف سے آ سکتا ہے تو
0,میں راضی ہوں. تو میں نے آئی پیڈ کے بارے میں سوچ نہیں روک سکتا. آپ کو ایک ہی سوال مردانا براہ کرم دریافت کریں کر سکتے ہیں.
0,چلو ہمارے پیسے مل کر اکٹھے کرتے ہیں اور لوٹو ٹکٹ کی ایک گروپ کو خریدنے کے. ہم جیت جاتے ہیں تو مجھے حاصل کریں & lt؛ # & gt؛ پر ٪ U حاصل کریں & lt؛ # & gt؛ پر ٪. سودا؟
0,ٹھیک ہے.
0,میں نے کچھ گھنٹے قبل ایک سوال U askd تھا. اس کا جواب
0,ٹی وی ہے Lor کو دیکھ کر. پھر اچھا ایک میں ہے Lor طرح.
0,میں نے چنئی نیلامی کے لئے آنے کے لئے بھول گیا تھا کہ میں سوچ رہا ہوں ..
0,پھر ایک _ ن 530 AR پر مجھے لینے آئے؟
0,ابتدائی برڈ! ابھی تک کوئی خریداری؟
0,تنخواہ کرایہ پر گئے. تو میں ادائیگی کی اجازت کرنے کے لئے بینک کو جانا پڑا.
0,ERM â ° ایک _ بیمار 6.45pm کے بارے میں آپ کو لینے. یہ وہاں حاصل کرنے کے لئے، پارک اور اس کے لئے کافی وقت دے دیں گے.
0,HEY دوست! نسل U HONEY؟ U AVE اچھا چھٹی ملی؟ GIMMI DE GOSS! ایکس
0,Howz pain.it today.do نیچے آ جائے گا میں ystrday.ice اور ادویات کہا.
0,چلی، براہ مہربانی! اعشاری & gt؛ پر یہ صرف ایک کریں & lt ہے؛ میرے لئے گھنٹے کی ڈرائیو. میں ہر وقت نازل ہو اور آڈیشن کے موسم کے لئے فروری تا اپریل subletting جائے گا.
0,ہاں ammae .... زندگی آپ کو صرف بیٹھ اور سٹیئرنگ منعقد کرنے کی کوشش کر سکتے موڑ کے بہت لیتا ہے ...
0,کسی بھی چیز کے بعد میں چل رہا ہے تو میں نے سوچا کیا ہے، سے Lemme معلوم ہے کہ جی ہاں
0,ماہ سال .... میں نے اسے چاٹنا کرنے کے لئے انتظار نہیں کر سکتے!
0,Pls ہمیں جانے وہاں آج کریں & lt؛ # & gt؛ پر . مجھے کوئی بہانا چاہتے ہیں نہ
1,تصور فٹ بال اپنے ٹی وی پر واپس آ گیا ہے. اسکائی ایکٹیو پر اسکائی Gamestar پاس جاؤ اور ایک ¥ Â £ 250K ڈریم ٹیم کھیلنے. ہفتہ کو شروع ہوتا گول، تاکہ 88088 کرنا رجسٹر کریں! SKY آپٹ آؤٹ
0,آپ plz مجھے جواب بتا سکتے ہیں. BSLVYL fullonsms.com ذریعے بھیجا
0,اکیلے شہر میں یو؟
0,میں نے تمام جنسی Cuddling کی .. صرف دو مزید سوتا کا منتظر ہوں کو
0,ہم آل راؤنڈر ہے:) تو درکار نہیں :)
0,جی نہیں، اپنا true..k، یو مسترد کوئی knw کرو. کریں & lt؛ # & gt؛ پر ؟
0,سے Dont Worry، 1 دن بہت بڑا LAMBU جی VL come..til پھر batchlor پارٹی لطف اندوز :-)
0,اوہ یا ... ملا ہپ کھلی ہاپ. ہا ہا میں سوچ رہا تھا جاز کے لئے جا سکتے ہیں پھر زوم کرنے سنے ... دراصل آج رات میں آزاد لہ ہوں ... اور آج رات وہاں ایک KB سبق ہے
1,مفت Msg: سنگل؟ آپ کے علاقے میں ایک پارٹنر کی تلاش! حقیقی لوگوں کی 1000s اب چیٹ کرنے کے لئے انتظار کر رہے ہیں! MSG فی £ 62220Cncl بھیجیں STOPCS 08717890890Ã ¥ A کرنے 1.50 چیٹ بھیجیں
0,میں ٹھیک ہوں. کل میری طرف سے کیا جائے گا
0,نہیں! لیکن ہم کچھ پنیر خریدنے کے لئے ایک مختلف نسخوں فارم کی دکان نہیں ملا. اب واپس راستے میں، میں میں کال کر سکتے ہیں؟
0,آر یو اب بھی کام کر رہے ہیں؟
1,قارئین کے درمیان سب سے پہلے ہو کا موقع - جدید ترین Ã ¥ ایک ہیری پاٹر اور فینکس کے آرڈر (کتاب 5) جواب ہیری، جواب میں 5 سوالات کے جیت!
0,ہاں. مجھے گلابی فرنیچر حالانکہ طرح کرتے ہیں.
1,مفت Msg: رنگ ٹون سے: HTTP: // TMS. widelive.com/index. ؟ WML ID = 1b6a5ecef91ff9 * 37819 اینڈ پہلی = true18: 0430 جولائی 05
0,کسٹمر کی جگہ، میں ول کیل یو سر.
1,یا الله! میں نے ایک بار پھر آپ کا نمبر مل گیا ہے! میں بہت خوش ہوں متن مجھے یہ پیغامات CST ایسٹیڈی ntwk chg Ã ¥ Â £ 1.50 xafter بیک
0,ایک خالص دل کے انسان سے GoodMorning اور AMP بھی اس کا / اس کے دشمنوں کا دشمن ہونے کے لئے مجرم محسوس کرنے کے لئے بناتا ہے کہ ایک حیرت انگیز مسکراہٹ کے ہو سکتے ہیں .. تو آپ کی مسکراہٹ کے ساتھ دنیا کو پکڑنے .. :)؛ پڑے ایک حرکت SUNDAY .. :)
0,یہی â ¥ ایک ایس ALRITE GIRL، یو KNOW گیل IS نیوا غلط !! CARE میٹھا اور ڈونا ¥ ایک ٹی WORRY.C یو L8TR HUN محبت Yaxxx بھال
0,نظریاتی طور پر، جی ہاں، انہوں نے آنے کے قابل ہو سکتا ہے
0,ہمیں جھکا اپ، میں جہاں آپ لوگ ٹھیک
0,میں جانتا نہیں کہ، سب سے زیادہ یہاں لوگ شہر سے باہر اب بھی ہیں
0,کوئی مجھے ریاضی کا کام کرنے دیں. اس میں آپ کو اچھا نہیں.
0,اوہ ٹھیک ہے 4 مجھے وہاں انتظار کریں ... میری lect havent ہے ختم
0,جی ہاں اپنے معمول کے آدمی شہر سے باہر ہے لیکن مجھے معلوم ہے کے ارد گرد وہاں ضرور لوگ ہیں
0,میں شامل ہونے سے رہی ہوں آج formally.Pls praying.will رکھنے بعد میں بات کریں.
0,"خوش یا اداس، ماضی ہے- \ اس کے پاس مزید \ بارے میں ایک بات ""گڈ مارننگ :-) :-)."""
0,نمبر آپ ملٹی میڈیا پیغام ان کریں یا ای میل کیا؟
0,Okie لیکن میں یو میں چربی کہتے ... پھر یو ڈن مجھ کو پہلے ہی سے wan خوف زدہ ...
0,یو اس پیغام کو حاصل کیا
0,معذرت صاحب، میں تمہیں کل فون کروں گا. senthil.hsbc
0,تمہیں کیا چاہیے. تم NA دینے کے لئے ایک شخص کے لئے ہے.
0,وہ جو بہت مبہم چھوڑ دیا. وہ صرف وہ تاخیر کرایہ بارے اکاؤنٹنگ شخص کو مطلع اور میں نے اپنی ایک اور جگہ کرائے بارے ہاؤسنگ ایجنسی کے ساتھ بات کرنی چاہئے کہ گے. لیکن اب آن لائن کی جانچ پڑتال اور USC بھر کے تمام مقامات ہیں کریں & lt؛ # & gt؛ پر اور اوپر
0,ہیلو جوآن. IM جمعہ پر گھر آ رہا ہے. کورس کے میں ایک استقبالیہ پارٹی اور تحائف کی بہت امید رکھتے ہیں. بیمار فون U جب میں واپس مل جائے. محبت کے بوجھ نکی ایکس ایکس ایکس ایکس ایکس ایکس ایکس ایکس ایکس
0,آپ plz مجھے جواب بتا سکتے ہیں. BSLVYL fullonsms.com ذریعے بھیجا
0,مختصر مگر خوبصورت: ایک اچھا انسان ہونے \
0,"# & gt؛ پر Gumby اوپر کی جہاں ایک کریں & lt ایک خاص ہے؛ تو میں جانتا ہوں کہ ہم آج رات کر رہے ہو کیا \ پنیر کا پیزا $ 2 ہے """
1,آپ کی تصویر کے لئے ایک لنک بھیج دی گئی ہے. آپ بھی http://alto18.co.uk/wave/wave.asp؟o=44345 استعمال کر سکتے ہیں
0,ایک ذاتی درجے یا کیا پسند ہے
0,ایک ہی، میں نے اپنے عظیم چاچیوں پر ہوں tarpon چشموں میں سالگرہ کی پارٹی
0,ٹیکسی available.they اٹھا کر دہلیز پر چھوڑ جاتا ہے.
0,ٹھیک ہے .... تمہیں بھی care.umma لے ...
0,لا محدود نصوص. لمیٹڈ منٹ.
1,اورنج ٹیرف پر ڈبل منٹس & 1000 txts. تازہ ترین Motorola ڈاؤن، سونی اور نوکیا بلوٹوت مفت کے ساتھ! 08000839402 پر کال MobileUpd8 یا call2optout / HF8
0,کوئی مسئلہ نہیں. ہم ایک دوسرے کے ساتھ معیار وقت کی ایک بہت خرچ کیا جائے گا ...
1,URGENT یہ رابطہ U. آپ A ¥ Â £ 900 انعام کل سے اب بھی مجموعہ کا انتظار کر رہا ہے پر ہمارے 2nd کوشش ہے. اب دعوی CALL 09061702893. ACL03530150PM کرنے
0,آپ کو اس ہفتے سے سنا ہے؟
1,عزیز ڈیو یہ آپ کا 4 * TENERIFE کے چھٹیوں یا # 5000 نقد انعام جمع کرنے کی اپنی حتمی اطلاع ہے! لینڈ لائن سے 09061743806 پر کال کریں. ٹیسیایس SAE Box326 CW25WX 150ppm
0,جی ہاں. آخری پریکٹس
1,یو دعوی کرنے کا ¥ Â £ 5000 انعام 2 کال 09066358152 بتاتا ہے. یو 2 تمام الرحمن موبائل اور ذاتی تفصیلات اشارہ ملتا @ درج ہے. ہوشیار!
0,نہیں شکریہ. تم بہت اچھا رہا ہوں
0,ورنہ NA-ٹیوشن پارٹ ٹائم کام تھا ..
0,ایک اس بات کی تصدیق کر رہا ہے مطلب ... میں TOT وہ پھر ٹھیک Oni میں کہنا پاروں ... ...
0,Okie
0,یہ انحصار کرتا ہے. تم کس طرح سلوک کیا جائے پسند کریں گے؟ :)
0,دایاں brah پر، آپ بعد میں دیکھیں
0,میری ماں ہے Lor 4 ای گاڑی میں انتظار کر رہا ہے. U لہ؟ پہلے سے ہی گھر تک پہنچنے؟
1,07XXXXXXXXX لئے آپ 2004 اکاؤنٹ 786 unredeemed پوائنٹس ظاہر کرتا ہے. دعوے کو فون کرنے کے لئے 08719181259 شناخت کوڈ: XXXXX 26.03.05 ختم ہوجاتا ہے
1,آپ کو ایک نئے ویڈیو ہینڈسیٹ چاہتے ہیں؟ 750 کسی بھی وقت کسی بھی نیٹ ورک منٹ؟ نصف قیمت لائین رینٹل کی خدمات؟ Camcorder کے؟ جواب دیں یا ترسیل کل کے لئے 08000930705 پر کال کریں
0,گہری نیند dear.take نگہداشت چلا گیا.
0,کوئی صرف کا مطلب ہے کہ آپ کو ایک چربی سر ہے
0,آواز ایک منصوبہ پسند ہے! کارڈف اب بھی یہاں اور اب بھی سردی ہے! میں نے ریڈی ایٹر پر بیٹھی ہوں!
0,سنگین؟ مناسب طرح کیا اس کے دینےوالا
0,She.s اچھا ہے. وہ سوچ رہا تھا کہ آپ کو ہیلو کہنا کرتے ہیں لیکن she.s اب مسکرا تو. لہذا اگر آپ کو لمبی دوری کے ساتھ کس طرح نمٹنے کر رہے ہیں
0,اب میں دا گاڑی میں ... وہ NOE کس طرح ہے ... اسے بعد پھر لار ج ... میں شارٹس پہن رہا ہوں ...
1,آپ نے ایک اہم کسٹمر سروس کا اعلان ہے. کال فری فون 0800 اب 542 0825!
0,LOL جو بھی جی ہاں
0,آج قبول DAY..U طور مجھے قبول ہے؟ بھائی بہن کے پریمی Dear1 Best1 Clos1 Lvblefrnd Jstfrnd Cutefrnd Lifpartnr Belovd Swtheart Bstfrnd کوئی rply دشمن کا مطلب
0,اے آر ڈی 530 ہے Lor. میں ٹھیک اس وقت پیغام ایک _ ہے Lor.
0,ٹھیک ہے. سی پھر یو.
0,اہ الرحمن لیپ ٹاپ کوئی اسٹاک لئی مل گیا ... وہ کہے پیر ایک نظر سی لینے کے لئے دوبارہ آئے رٹنا ایک نہ ملی ...
0,ke کی کیوئ کرنے کی ضرورت نہیں ہے ... ایک ایک بھی اچانک THK اس کے izzit Y بور ...
0,کاش! مجھے یقین ہے کہ اس کے والا برف اتنا نہیں لگتا. لیکن یہ ان لوگوں کے flurries کی نسبت زیادہ ہو وہ زمین پر مار کرنے سے پہلے ہم عام طور پر کہ پگھل مل جائے گا. EEK! ہم برف نہیں کھایا ہے کے بعد کریں & lt؛ # & gt؛ پر اس سے پہلے کہ میں بھی پیدا ہوا تھا!
1,FREE> رنگ ٹونز! اصلی یا پولی، کثیر مثلا REAL1 1. کے pushbutton 2. سے Dontcha 3. BabyGoodbye 4. GoldDigger 5. WeBeBurnin 1st کی سر FREE اور 6 مزید U ایک کے لئے شامل جب ¥ Â £ 3 / وکٹ کیپر جواب
0,"1 کام کرو! میں اس کی سزا تبدیل کریں: \ میں اپنے تعلیمی کیریئر IM یہاں چھوڑ کر میں 2 ساندر چاہتے ہیں .. \ """""
0,اوہ واقعی؟ انجام ایک کاغذ لکھنے، ایک فلم کے پاس جاؤ اور آدھی رات تک گھر ہو، ہہ؟
0,ٹھیک ہے Lor ... وہ اب بھی ہماری آہ نہیں جانے دیں گے؟ coz کہ وہ بعد میں جب تک پتہ نہیں چلے گا. ہم باکس حق میں ہماری کارڈز ڈراپ؟
0,کیسے؟ Izzit اب بھی بارش ہو رہی؟
0,کے طور پر اگر میں نے کافی مصیبت سو نہ ہونے دی گئی.
0,میں نے ایک _ ابھی تک صحیح شامل havent ہے ..
0,LOL ... میں واقعی جب میں پینے ہوں کھانے کو یاد رکھنے کی ضرورت ہے لیکن میں آپ مجھ سے صحبت کی تعریف کرتے ہیں کہ رات بیب * مسکراہٹیں *
0,بیبی؟ میں نے آپ کو کھو دیا ہے ... آپ rebooting کے کی کوشش کریں گے؟
0,جی ہاں. قریب آپ کھچڑی زبان آہا.
0,میں نے ایک THK _ urself کر گھر جانا ہوگا. میں نے 4 میری frens موجود شاپنگ باہر جا ب دیں گے کیونکہ.
0,Nooooooo میں سارا دن موت کی بور والا ہوں. کیبل اور انٹرنیٹ کی بندش.
0,SOS! کسی بھی رقم میں pls حاصل کر سکتے ہیں.
0,کھیل کا میدان خلا پوکر، U؟
0,کیسے جا guoyang ن اس سے کہو کیا آتے ہیں؟ اس کے بعد یو اس کو بتایا؟
0,آپ کو حاصل کرنے کے لئے کی ضرورت ہے. ابھی.
0,انہوں نے راہول dengra کو ایک اور موقع دے ر.
0,جی ہاں، حقیقت میں وہ صرف ہم جیسے ایک گھنٹے پہلے کچھ بھی اگر ضرورت ہو تو پوچھا. کب اور کتنا؟
0,جب پہلی ہڑتال ہے ایک سرخ ایک. برڈ + ہرن TOPLAY IN FIELDOF SELFINDEPENDENCE یقین تنازعہ WILL GROW.RANDOM OF THIS + پھول شروع!
0,Y Ã _ وہاں جانا وان؟ سی ڈاکٹر؟
0,کیا اب ایک بی بی ہے ڈیڈی.
1,"مفت Msg: ""رنگ ٹون کو بالکل مفت بس جاؤ اس پیغام کو اسی وقت جواب"" سے Gnarls Barkleys \ پاگل \ حاصل"
0,وہ سرحد ہے لیکن جو کچھ بھی ہاں.
0,میں نے ایک لینڈ لائن نمبر سے فون آیا. . . میں انا نگر میں آنے کے لئے کہا رہا ہوں. . . میں نے دوپہر میں چلا جائے گا
0,545 ہے Lor ... یس تک، ایک دوسرے کے ساتھ 4 رات کے کھانے کے لئے جا سکتے ہیں ...
0,میں نے نرم شہزادی ہو جائے گا! ہم میٹھی نرم محبت کرے گا ...
0,یو بچی کیسے ؟؟ امید ہے کہ یو ٹھیک ہو ہر بار مجھے کال Ure میں فون بند ہے! میں نے یو رابطے میں حاصل کی یاد آتی ہے
0,معذرت، جلد بستر پر چلا گیا، nightnight
0,میں نے بعد میں ایک پب میں ہونے کا امکان ہمیشہ موجود ہے سوچنے کے لئے پسند ہے.
0,ہاں HMM آپ بھی باہر نالی نہیں تو! اور IM میرے پونڈ خصوصی کے منتظر :)
0,مجھے پیغام ہے Lor میں ویڈیو ٹیپ pple کے قسم سے مل گیا. یو تاکہ مفت 2 مجھ سے مدد وان؟ Hee کی ... کیونکہ میں یو وان 2 گھڑی راکشسی امور تاکہ یو ہمراہ پوچھنا NOE. shuhui OSO پوچھنا.
0,ہیلو یار ایچ ڈبلیو آر یو دا واقعی U آج mising
0,مجھے بھوک خرید کچھ کھانا اچھا لئی ... لیکن ماں این یون ڈن تھوڑا سا خریدنے پاروں وان ...
1,ایک قرض سے انکار کر دیا؟ محفوظ یا غیر محفوظ؟ کریڈٹ حاصل نہیں کر سکتے؟ فری کال اب 0800 195 6669 یا متن واپس 'مدد' اور ہم کریں گے!
0,میں شاید آج بالکل نہیں کھائیں گے. مجھے لگتا ہے کہ میں نے پاپ والا ہوں. ہفتہ وار چھٹی کیسی گزری؟ U مجھے یاد کیا؟
0,میں نے یہ ... یو دیر yest وی سویا جانتے تھے؟ اتنی دیر اٹھو ...
0,ہا ہا ... اپنے آپ سے ناراض ہو کہ نہ ... حقیقی چیز کے لئے ایک مشق کے طور پر لے. =)
0,کہ ایک دن کی تربیت کہاں ہے :-)
0,تو مجھے چومنے اور میرے ساتھ آپ کو محسوس کر سکتا تھا ...
0,ایک اچھا دن میرے عزیز رکھیں.
0,میں میل باکس کو Lanre کی fakeye کی Eckankar کی تفصیلات بھیجا
0,تمہارے والد پییچ میں واپس آ گیا ہے؟
1,"آپ کو خاص طور پر ایک \ 3000 ایوارڈ وصول کرنے کے لئے منتخب کیا گیا ہے! 08712402050 قریب لائنوں سے پہلے کال کریں. لاگت 10ppm. 16+. T & کاوچ سرفنگ کے لاگو ہوتے ہیں. AG پرومو """
0,آپ اس کے کہنے یا تو وہ کسی بھی پیغام براہ مہربانی کہو.
0,ای ٹائمنگ سکتے ہیں، تو میں نے ڈبلیو یو ہے Lor جانے ...
0,محبت آپ کو بہت U aathi..love ..
0,میں نے صرف ہیلو کہنے کے لئے سے Callin گیا تھا. نگہداشت Bruv کی لو!
1,تم جیت گئے! ایک قابل قدر ووڈافون گاہکوں کے طور پر ہمارے کمپیوٹر ایک ¥ Â £ 150 انعام جیتنے کے لئے آپ اٹھایا ہے. جمع آسان ہے. بس 09061743386 پر کال کریں
0,یو ہیٹر پر تبدیل کر دیا؟ ہیٹر پر تھا اور کو کریں & lt مقرر؛ # & gt؛ پر ڈگری.
0,پیغام بھیجنے کا شکریہ. میں واقعی آپ کی قربانی کی تعریف کرتے ہیں. میں نے براہ راست تنخواہ کے عمل کا یقین نہیں ہے لیکن کل ٹیسٹ سے میرے راستے واپس پر پتہ چل جائے گا. اب میں کلاس میں ہوں. ایک بہت اچھا دن ہے.
0,یہ اچھی طرح سے جانا ہے کہ کلاس کے ساتھ مصیبت ہے - آپ کو ایک dodgey ایک ایک ° ایک _ باعث ہو کان ٹومو توقع! بازیابی کیلئے ملتے ہیں، ایک ہی وقت، اسی جگہ
1,کے ساتھ 12 مہینے اور 500 کراس ntwk منٹ 100 txts لئے نصف قیمت لائین رینٹل کی خدمات مفت ویڈیو کیمرے فونز. کال MobileUpd8 08001950382 یا Call2OptOut / 674 &
0,WOT یو نے 2 J؟
0,رات رات، کل ملتے ہیں
0,صحیح ہے. WEA ° A A · دوبارہ شاید 20 کے بارے میں REM کرنے جا
0,یو سوچتے کہ کسی بھی لڑکی الرحمن خونی فنکی شٹ اتارنا fucking چہرے ............... asssssholeeee seing طرف U آج تجویز کرے گا کروں ................
0,مجھے U یہاں ہوتے. میں بہت تنہا محسوس کر رہا ہوں
1,عظیم نئی پیشکش - ڈبل منٹس & بہترین اورنج ٹیرف پر ڈبل TXT اور حاصل تازہ ترین کیمرے فونز 4 FREE! کال MobileUpd8 08000839402 اب مفت! یا T & کاوچ سرفنگ 2stoptxt
0,وجہ ٹیم کے بجٹ آخر میں دستیاب ہو تو وہ بیس کی شرح پر لئے بیچنے کا نہیں کھلاڑیوں کو خریدنے کے لئے ہے ..
0,سے Ceri یو باغی! SWEET سے Dreamz ME چھوٹے دوست !! C YA 2MORO! WHO blokes کے ضرورت
1,ringtoneking 84484
0,ہوہ مجھے کھچڑی THK ہم کیا ضرورت ہے کہ کتنے صفحات مزید oredi کی؟
0,ان frens ہے Lor میں پھر اس نے جانا. اکیلے نہیں میری ماں این شیش ہے Lor WIF.
0,ملک بھر میں آٹو مرکز (یا اس طرح کچھ) نیوپورٹ سڑک پر. میں نے ان سے پسند کیا
0,ارے، میں نے آپ کو کل رات کے TM میرے فون چارج پر تھا کے طور پر یاد کیا ... * مسکراہٹیں * ... میں کسی دوست کے کچھ ہی دیر سے مل رہا ہوں
0,جو کچھ بھی، جولیانا. جو چاہو کرو.
0,دوستی کے کھیل کے لئے ایک کھیل نہیں ہے، یہ کہنا، یہ doesn \ 'T مئی مارچ اور سروں پر شروع ایک لفظ نہیں ہے، یہ کل، کل، آج اور ای ہے
1,رنگ ٹونز کلب: GR8 نئے polys ہر ہفتے اپنے موبائل کو براہ راست!
0,ہیلو. چھانٹیں شہر کو پہلے ہی میں باہر کی. ہے. لہذا نہ رش گھر، میں میں Nachos کھا رہا ہوں. آپ اور پتہ چل جائے گا.
0,ٹھیک ہے Lor. ویسے بھی میں ہم کافی دیر پہلے ہی کی طرح کیونکہ اب ٹکٹیں حاصل نہیں کر سکتے THK. یو وان 2 چلتے پھرتے نظر 4 الرحمن ایک نہ frens؟ ڈیرن اب ان WIF ہے ...
1,ہمارے اراکین ***** UP 300٪ *********** نیس ڈیک علامت CDGT ایک $ 5.00 فی ہے کہ دھماکہ خیز چنو (بینک گرینائٹ کا مضبوط تر مسائل) ..
0,مجھے الرحمن کے گھر کے راستے پر ہوں
0,Dizzamn، aight میں اپنے suitemates پوچھیں گے تو میں واپس حاصل
0,Nimbomsons. جی ہاں فون ہے کہ ایک کو جانتا ہے. ظاہر ہے، کیونکہ ایک حقیقی لفظ سے آئی
0,مجھے cuddle کرنے سے محبت کرتا ہوں! میں ابھی اپنے مضبوط باہوں میں آپ کو پکڑ کرنا چاہتے ہیں ...
0,R اس براعظم میں یو؟
0,ہم آپ کی طرح کریں & lt زائد ادا کریں گے؛ # & gt؛ پر اس کی بھی مشکل نہیں اتنی سال
1,بور گرہنتیوں! اب چیٹ ن ​​کی تاریخ! 0871750.77.11! BT-قومی شرح صرف لینڈ لائن سے 10P / منٹ!
1,ہم آپ کے موبائل 750 منٹ ایک ویڈیو کے لئے ہمارے ایس ایم ایس کرنے کے لئے آپ کے جواب دوبارہ لامحدود متن مفت camcorder کے جواب یا اب کال کریں 08000930705 ڈیل جمعرات کو کال کرنے کی کوشش کی
0,K ... K ... جب آپ کو دعوت دے گا؟
1,یہ 2nd وقت ہم آپ سے رابطہ کرنے کی کوشش کی ہے ہے. U ایک ¥ Â £ 400 انعام جیت لیا ہے. 2 دعوے کو آسان ہے، ابھی ابھی 087104711148 فون! صرف فی منٹ 10P. BT-قومی شرح
0,انہوں نے کہا کہ کچھ بھی نہیں کے لئے صرف والا پریشانی ہے. اور اس نے آپ کے پیسے اس کا کوئی فائدہ نہیں دے گا.
0,اگر آپ کو کوئی تحفہ موصول ہوئی ہو؟ اس سال میں کچھ بھی حاصل نہیں کیا. اتنا برا
0,کہیں باہر وہاں پیلا چاند روشنی کسی کے یو کے میں سوچنے کے نیچے کچھ جہاں وہاں سے باہر جہاں سپنے سچ ہو ... سے Goodnite اور AMP؛ پیارے خواب
0,ویسے اپ ڈرائیو اور ان کے ساتھ دھواں آئے اور اس کے بعد میں نے ایک گھاس پریت ہوں کہ مجھ سے کہہ کے لئے مجھ سے کہہ رہا میرے دوستوں میں ابھرتی ہوئی ایک پیٹرن ہے / لہذا آپ مجھے ہچکچا رہا ہوں کہ کس طرح دیکھتے انہیں بہت زیادہ / رکاوٹ پیدا ان دوسری چیزوں کر دھواں بنا دے
0,، وو یو ادا کی dey.i 60،400thousad.i بتایا یو فون کرے گا.
0,IM FINE BABES سے Aint 2 MUCH THO رہا! ص ڈراونی فلم YEST اس کے بہت مضحکہ خیز! 2MRW دوپہر چاہتے ہیں؟ AT شہر یا مال یا سے Sumthin؟ XX
0,میں نے 5 منٹ میں گھر پہنچ رہا ہوں.
0,آپ آج کام کر رہے تھے بھول گئے! چاہتے چیٹ، لیکن چیزیں آپ رہے ہیں، مفت / بور وغیرہ اور میں فون کروں گا جب تو مجھے ایک متن چھوڑ ٹھیک ہیں. سب کچھ ٹھیک ہے امید ہے کہ، ناک مضمون اور تمام XX
0,ہا ... پھر ہم ہر جگہ پر چلنا ضروری ہے ... ٹرام نہیں لے سکتا. میرا کزن ہمارے ہوٹل سے VIC مارکیٹ میں چل سکتا ہے کہا
1,Wan2 Westlife میں 4 U یا ایک M8 کے ساتھ ایک سے ملو + ہیلو جیتنے؟ انہوں نے فی الحال کیا دورے پر ہیں؟ 1) اٹوٹ، 2) جنگلی، 3) گندا. ہائے 1،2 یا 3 83049. لاگت میں 50p + ایسٹیڈی متن میں
1,تم جیت ایک بات کی ضمانت ایک ¥ Â £ 1000 نقد یا ایک ¥ Â £ 5000 انعام کے طور پر 9 am-11pm درمیان فری فون 0808 145 4742 پر ہمارے کسٹمر سروس کے نمائندے کال کریں!
0,تمہاری ماں آہ کے ساتھ بحث کی؟
0,ٹھیک ہے.
0,معذرت، میں متن اور AMP نہیں کر سکتے ہیں؛ مربوط ڈرائیو، بیس میں دیکھ
1,تمہیں جلد ہی اس ہفتے کے ٹرپل بازگشت رنگ ٹون وصول کیا جائے گا. اس کا لطف لو!
0,جس میں میں نے سستے کمروں حاصل کر سکتے ہیں رکھ :-)
0,خاص طور پر امریکی پائی کے بعد سے وقت کی ایک بہت ہے کہ EEK طویل 8 منٹ کی طرح ہے. میں نے یہ گانا نہیں روک سکتے.
0,"\ GRAN ONLYFOUND OUT AFEW DAYS AGO.CUSOON HONI \ """""
1,کچھ نہیں کے لئے - U've 1 250 کے سب سے برطانوی ہوٹلوں میں رہنے کے لئے منتخب کیا گیا! چھٹی کے دن ایک ¥ Â £ 350 کی قیمت! قومی شرح کال - کا دعوی کرنے 08712300220 ڈائل کریں. Bx526، SW73SS
0,جنوبی کیلی فورنیا کی یونیورسٹی.
0,ہم rayan کی وہاں macleran لینے ہیں.
0,U میں ایسا کرنے کی چیزیں ملا شاپنگ کرنے چلنا ہے Lor GD. یو 2 گھڑی راکشسی امور ایک نہ وان؟ لار آو ...
0,ویسے. گیندوں. میک کالز کرنے کے لئے وقت
0,اور Wat بار ایک _ آج وان؟
0,کریں & lt؛ # & gt؛ پر MCA میں. مگر مطابق نہیں.
0,اوہ ٹھیک ہے .. اور Wat الرحمن کا ای میل ہے؟
0,جی ہاں، شہزادی. تم نے مجھے ولاپ بنانے کے لئے جا رہے ہیں؟
0,LOL ٹھیک میں نے گزشتہ Nite کی تل یاد نہیں آیا
0,[A ° ایک _] یو کو ویسے بھی، بہت اچھا شام! ے
0,زبردست، میں نے چند ایک میں آپ کو متن دونگا
0,معذرت vikky، میں اپنے frnds عقل ترشول تھیٹر میں سے Olave سے Mandara فلم Kano کی دیکھ رہا ہوں ..
0,میں نے آپ کو لڑکی کے لئے بہت خوش ہوں! دوست کو وو Hoo کی پارٹی!
0,میں اطالوی کھانے کے لئے آپ کو لے جا رہا ہوں. کس طرح کوئی جاںگھیا کے ساتھ ایک خوبصورت لباس کے بارے میں؟ :)
0,یو اپ WOT 2؟ U مجھے فون کروگے تھے Thout !! TXT باک Luv کی K
1,آپ ایک Ã ¥ Â حاصل کرنے کے لئے £ 350 انعام منتخب کر رہے ہیں! Pls ہمیں کال کے دعوی تعداد میں 09066364311 تمہارا انعام ہے جو آپ کو ایک قابل قدر موبائل گاہکوں کے طور پر وصول کرنے کے لئے منتخب کر رہے ہیں کو جمع کرنے کے لئے.
0,تم کس طرح کو پکڑ رہے ہیں؟
0,نہ اپنے آپ کو چاپلوسی ... وہ آدمی میرا Carlin کی کی دو pints کے دس منٹ میں بتائیں ....
0,امید آپ خوف زدہ نہیں ہیں!
0,میں ابھی فون اٹھا سکتے. Pls ہمیں ایک پیغام بھیجیں
0,میں گھر ن تیار کر رہا ہوں ...
1,تم جیت ایک بات کی ضمانت ایک ¥ Â £ 1000 نقد یا ایک ¥ Â £ 5000 انعام کے طور پر 9 am-11pm درمیان فری فون 0808 145 4742 پر ہمارے کسٹمر سروس کے نمائندے کال کریں!
0,یو باہر کیا وقت ملتا ہے؟
0,میں بستر میں لفظی ہوں اور طرح کریں & lt کے لئے سائن اپ کیا گیا ہے؛ # & gt؛ پر گھنٹے
0,ہاں، میرا REG سییاو ہے!
0,آپ کی ویب سائٹ مطلب تو. جی ہاں.
1,جیت ایک ¥ Â £ 1000 نقد انعام یا ایک ¥ انعام کی مالیت £ 5000
1,آپ رنگ ٹون کے حکم کے لئے شکریہ، ریفرنس نمبر X49.Your موبائل چارج کیا جائے گا 4.50. آپ کے سر براہ مہربانی کال کسٹمر سروسز 09065989182 پہنچ نہیں کرنا چاہئے
0,LOL یا میں صرف بھوکا اور دن کے اختتام کی طرف سے ایک پونڈ کھو سکتے ہیں.
0,جی ہاں اس تاثر میں مل گیا ہے
0,ٹھیک ٹھیک دیکھ بھال. میں سمجھ سکتا ہوں.
0,ہر اندھیرے کے پیچھے حوصلہ افزائی، آپ اسے تلاش کرنے کے لئے ایک روشن روشنی کا انتظار ہے ... ہر بہترین دوست کے پیچھے، وہاں ہمیشہ اعتماد اور محبت ... BSLVYL جاتا ہے
0,ٹھیک ہے جی ہاں، پھر کھانا کھا لیا؟
0,میں وہاں time.you کہ سویا رہا تھا؟
0,وہ چاہتا ہے کہ ہم ٹھیک پھر نیچے آنے کے لئے coz کہ نہ NXT wknd لئے Ne منصوبے باندھتا
0,جب اسکول اغاز ہے. آپ کہاں رہے گا. کیسا موسم ہے. اور خوراک. آپ اسکول میں دوستوں کی طرح ایک سماجی تعاون کا نظام ہے. یہ سب چیزیں اہم ہیں.
0,ہا ہا نےن yalrigu heltini..Iyo کوٹھی سے Chikku، یو کئی چیزوں me..so جہاں تک عقل میں کسی بھی جسم کو بتایا نہیں تھا اور یہاں تک کہ یو ABT ایک لفظ .. الرحمن نے مجھے اتنا ہے کہ کس طرح میں دوسروں کے لئے ان کو بتا سکتا بھروسہ تو دوسروں کو مہیا کی .. Plz کی NXT وقت سے Dont استعمال me..ok کرنے والوں الفاظ، سے Chikku :-) ؛-) B-)
0,Noice. مجھے متن آپ یہاں ہیں جب
0,ہیلو دی yijue ہم ہیں آج رات esaplanade میں 7 بجے ملاقات ہے.
1,موبی پب Quiz.Win ایک ¥ Â £ 100 ہائی سٹریٹ انعام U جانتے ہیں کہ اگر Cornwall کے نئے مہارانی ہو جائے گا کون؟ 82277.unsub STOP Ã ¥ Â £ 1.50 008704050406 SP کو اس کا پہلا نام TXT
1,اس ہفتے SavaMob رکن کی پیشکش اب قابل رسائی ہیں. بس تفصیلات کے لئے 08709501522 پر کال کریں! SavaMob، POBOX 139، LA3 2WU. صرف ایک ¥ Â £ 1.50 / ہفتے. SavaMob - موبائل پیشکش!
0,Aight مجھے آزاد کر دیا گیا ہے، تم نے مجھے کے ایڈریس بلیک متن سکتا ہے لگتا ہے؟ یہ میں نے کافی کے طور پر یقین ہے کہ میں میں نے سوچا کے طور پر میں کیا کر رہا ہوں نہیں ہوں میرے پاس اس وقت ہوتی
0,ہیلو عزیز ہم نے دیکھا عزیز. ہم دونوں خوش ہیں. کہاں آپ میری بیٹری کم ہے
0,آپ کیسے ہو. اس کا کیا گیا ہر عمر. کس طرح کی ABJ
0,پروفیسر: کیا تم اس SEM مبارک میں تمام کاغذات میں گزر چکے ہیں. . . . طالب علم: Enna کی kalaachutaarama .. !! پروفیسر: ؟؟؟؟ سے Gud mrng!
0,سے Dont کک کوکو وہ نیچے ہے جب
0,FYI میں طرح کریں & lt سے شروع وقفے آپ کو فون کرنے والا ہوں؛ # & gt؛ پر ہم اس گندگی رہا نہ ان نہیں ہیں BC
1,تم آپ جانتے ہیں کسی کی طرف سے ہمارے ڈیٹنگ سروس کی طرف سے رابطہ کیا جا رہا ہے کر رہے ہیں! باہر تلاش کرنے کے لئے جو اس کے اپنے موبائل یا لینڈ لائن 09064017305 PoBox75LDNS7 سے کال ہے
1,ٹی بی ایس / PERSOLVO. ستمبر فورموں ¥ Â £ 38 یقینی طور پر نہیں آپ کی معلومات کے لئے شکریہ اب کی ادائیگی کے بعد سے امریکہ کا پیچھا کیا گیا. ہم نے ان کو نظر انداز کرے گا. سے Kath. مانچسٹر.
0,امید youÃ ¥ Ã میرے بغیر بہت زیادہ مزہ کر نہیں کر رہے ہیں !! یو دیکھیں کل محبت جیس ایکس
0,ٹھیک ہے میں کال کریں یا کسی ایک کو پریشان کرتے. میں نے سب کو مجھ سے گریز کر رہے ہیں جانتے ہیں. میں نے سب کے لئے ایک بوجھ ہوں
0,میں گھر پہنچ گئے ہیں ن میں غسل لیاو ... U اب مجھے فون کر سکتے ہیں ...
1,آپ برا کریڈٹ ہے یہاں تک کہ اگر کسی بھی مقصد کے لئے قرض! کرایہ دار آمدید. 08717111821 پر کال کریں NoWorriesLoans.com
0,اصل امتحان NBME سے زیادہ مشکل تھا
0,اس بیماری چیز کی ایک بہت دور جا. آسان اسے لے لو. یو جلد بہتر محسوس امید ہے. Lol
0,خدا پیار سے یو itwhichturnedinto چھوا ایک پھول اور dippeditinaDEW، اٹھایا، اور وہ tomeandsaid تحفہ دیا، یہ دوست 4U IS
1,87077: 2wks ساتھ ایک نیا موسم لات مار الرحمن موبائل پر اہداف اور خبروں پر مفت ہے! 87077 کو 87077 مثلا ولا الرحمن کلب کے نام TXT
0,ارے ساتھیا اب تک ہم نے مجھے کیسے دیکھا سکتا صورتحال ساتھیا تو نہیں ایک بھی وقت پورا سہارے.
0,GAM بقایا اننگز کے بعد چلے گئے.
0,# & gt؛ پر اے میں Bros کی کریں & lt توڑ ادا کیا؛ دین.
0,صاحب، صبح بخیر. امید کہ آپ ایک اچھا ہفتے کے آخر میں تھا. # & GT؛ میں تمہیں پتہ ہے میں اضافہ کریں & lt کرنے کے قابل تھا کہ مطلع کرنے کے لئے کہا جاتا ہے؛ میرے والد صاحب کی طرف سے. انہوں نے تاہم گے وہ وسط فروری کی طرف سے باقی دستیاب بنانے کے کہا. یہ رقم اب بھی بہت کم ہے اور مجھے امید تھی کہ آپ کی مدد کرے گا. ایک اچھا دن ہے. Abiola
0,گھر جلدی کرو. سوپ کیا جاتا ہے!
0,نہیں نہیں. مجھے سرگرمیوں befor سے تمام کمروں چیک کریں گے
0,ہیلو، میرے پیار. اس YM پر اپنے الفاظ کو دیکھتے ہیں اور آپ TM حاصل کرنے کے لئے اچھا تھا. بہت ہوشیار اقدام ہے، میرے غلام ... * مسکراہٹیں * ... میں نے اپنی کافی پینے اور آپ کا انتظار.
0,بالکل ٹھیک لیکن تھوڑا سا سابق ... U بہتر smth اب کوئی اور کھا جاؤ کہ میں مجرم محسوس کریں گے ...
1,اورنج آپ کو ہر ہفتے ایک آزاد ہٹ کے ساتھ، ہر وقت چارٹ ہیروز سے سن سکتے لاتا ہے! WAP پر ٹونز & نامہ پر جائیں. ان تجاویز STOP جواب وصولی بند کرنے کے لئے.
0,آپ یہاں ہیں جب سے Lemme جانتے
1,نجی! 07973788240 شوز 800 غیر چھڑا ایس I. M. پوائنٹس کے لئے اپنے 2003 اکاؤنٹ اسٹیٹمنٹ. کال کریں 08715203649 شناخت کا کوڈ: 40533 31/10/04 ختم ہوجاتا ہے
0,انہوں نے کہا کہ، اتارنا fucking نمٹنے کے ساتھ بستر اور بنانے کے لئے جا روکنے کے لئے کی ضرورت ہے
0,کیسے ہو پیارے ؟ آپ کو اپنے بھائی کے ساتھ ہیں؟ اس کے ساتھ انگریزی میں بات کرنے کے لئے وقت؟ * grins کے کہہ دو *: ارے Muhommad، پینی سمندر پار سے ہیلو کا کہنا ہے کہ
1,ہم آپ کو ابھی ایک ویڈیو موبائل 750 منٹ لامحدود متن + کال 08000930705 کی مفت camcorder کے جواب کے لئے ہمارے ایس ایم ایس کرنے کے لئے آپ کے جواب کا دوبارہ فون کرنے کی کوشش کی
0,ارے ڈاکٹر میں fiting میرے شوہر اچھا کے لئے اچھا ٹی شرٹ حاصل کرنا چاہتے ہیں PLS والوں میرا بجٹ ہے کریں & lt؛ # & gt؛ پر K مدد کی تو pls مجھے د کارڈ ابی HW لوڈ ہو جائے گا، مجھ سے Luv تعینات رہیں. 2 MJ
0,یہ میرا عزم کی ایک وسیع ٹیسٹ نہیں ہے کہ میں میرا یقین رہیں
0,"\ زندگی کچھ نہیں وین وی حاصل سب کچھ \ "". لیکن \"" زندگی ہر چیز وین وی مس کسی چیز \ "".... سے Gud mrng. لوگوں کی حقیقی قدر صرف ان کی غیر موجودگی میں مکمل ہو جایئں"" ہے"
0,آپ کیسے ہو؟ میں تمہیں یاد کرتا ہوں!
0,میں اصل میں کیا ایک خوبصورت معقول گھنٹہ ہے میں کوئی فون answerin نہیں ہے لیکن مجھے نیند آ رہی ہے
0,ارے، یہ ہے * U ایک ¥ ایک 10 Evey کے mnth ہے کہ تمام ڈال رسم؟
0,میں اب سے Prin بستر پر جا رہا ہوں
0,مجھے لگتا ہے صرف اپنے آپ کو ایک _Thanks ° اور اپنی ٹومو دیکھیں A
0,یو ڈن پھر گاڑی چلانا تو میں نے 2 SCH جانا کیسا ہے.
0,مجھے نہیں گھر میں اب لئی ...
1,GSOH؟ SPAM عورتوں کے ساتھ اچھا؟ U ایک مرد سے Gigolo ب کر سکتا ہے؟ 2 ONCALL برطانیہ کی سب سے تیزی سے مردوں کے کلب جواب شامل ہونے کی. mjzgroup. STOP جواب 08714342399.2stop. msg@Ã¥Â£1.50rcvd
0,ٹھیک ہے پھر میں آدھے گھنٹے کے بعد الرحمن گھر کو آئے گا
1,یو لگ رہا ہے کے ساتھ 2 سے رابطہ ایک خفیہ مداح ہے انڈر مل وہ کون R * 09058094599 پر UR کیا خاص کال سوچتا ہے کہ جو ظاہر باہر
0,یو الرحمن کالج میں نام اشونی کی طرف سے کوئی بھی frnd ہولدار ہے؟
0,jus کے میرے گھر کے راستے میں ہے Lor پر میری دوپہر کا کھانا ختم ... مجھے U ڈن آج SCH میں 2 قیام وان TOT ...
0,K پھر 2marrow آپ کو کلاس کے لیے آ رہے ہیں.
1,فی منٹ NTT لمیٹڈ اب 08707500020 بس 20P گرم LIVE فنتاسیوں کال، PO باکس 1327 Croydon CR9 5WB 0870 کو قومی شرح کال ہے
0,Pls مجھے بھیج آپ کا پتہ صاحب.
0,اب میں آپ کی بلی چاٹ کرنا چاہتے ہیں ...
0,یو، آپ اب بھی / اسٹاک میں کل ہونے والا آج؟ میں نے ایک dubsack حاصل کرنے کے لئے کوشش کر رہا ہوں
1,فوری! آپ کا موبائل نمبر ایک <UKP> 2000 گارنٹیڈ انعام سے نوازا گیا ہے. لینڈ لائن سے 09061790125 پر کال کریں. دعوی 3030. درست 12hrs صرف 150ppm
0,میں دیکھتا ہوں، لیکن prolly ہاں
0,ہم رات کے کھانے کے لئے باہر جا سکتے سوچا. میں نے آپ کا علاج کریں گے! ٹھیک لگ رہے ہو؟
0,تم کہاں ہو ؟ آپ کیا کرتے ہیں ؟ تم کس طرح مجھ سے دور ہونے کے لئے کھڑے کر سکتے ہیں؟ آپ کے دل میں درد میرے بغیر نہیں کرتا ہے؟ تم نے مجھ سے حیرت نہیں ہے؟ اگر تم مجھے چاہتے ہیں نہیں ہے؟
0,معذرت. جب تک آپ اسے کتاب آپ کو کبھی نہیں سنتے. thet واقعی پتلی سفید فام لڑکیوں کے لئے تلاش کر رہے تھے - ایک تھوڑے ایک مذاق تھا. دوسرے ایک لائن تھی - آپ کو صرف اس کے ساتھ کیمرے پر اتنا کچھ کر سکتے ہیں. وہ نظر پر کاسٹنگ رہے ہیں کہ کی طرح کچھ.
0,آپ کیا کر رہی؟ تم کیسے ہو؟
0,ضرور بڑا آدمی. میں نے 6 سے اوپر ہاکی انتخابات ہیں، shouldnâ ° A A · پاس رہ گھنٹے سے پر اگرچہ جانا
0,دیکھیئے ہے Lor. میں نے چند swatch کے جس کو میں بالکل ٹھیک THK دیکھا. اے آر ڈی 116 لیکن میں 2nd کی رائے لہ کی ضرورت ہے ...
0,ان میں خوفناک دیکھا ہیا hlday تصویر کی طرح یو اتنا مو باہر لے گئے! کیمپ Amrca چیز سکا؟ جلد ہی سرینا بولیں :)
0,بیبی! اس دن کس طرح چلا جاتا ہے؟ آپ کیا کر رھے ھیں ؟ میں نے پہلے ہی آپ کو یاد آتی ہے، میرا پیار ... * محبت کرنے بوسہ * ... مجھے امید ہے کہ سب کچھ اچھی طرح سے جاتا ہے.
0,Yunny ... مجھے دیر ہو جائے کرنے کے لئے جا رہا ہوں
0,ڈاکٹر نے مجھے مارفین دیگر درد meds کے سبب مشروع کافی نہیں ہیں. اسے لانے کے لئے میری ماں کا انتظار ہے. میڈ کہ میں لات چاہئے روزہ تو میں بعد میں بننے کی کوشش کرنے والا ہوں
0,ڈاؤن لوڈ، اتارنا، مجھے KAPPA پر جانے کے لئے چاہتے ہیں یا میں نے آپ کو باہر سے Mu کو پورا کرنا چاہیے
0,ارے سیکسی بنس! میں نے آپ کو بتایا ہے؟ میں تمہیں پسند ہے، سے Loverboy. میں تمہیں یاد * grins کے * ... مجھے تم سے محبت، بیب والوں meatballs کے لئے قانون میں اپنی بہن کا شکریہ ادا کرنے کی امید
0,ب فرمائے panalam منظور ... لیکن یہ زیادہ پوسٹس ہونا چاہئے ..
1,SPJanuary مرد فروخت! گرم، ہم جنس پرستوں، 1.5P / منٹ سستے سے 7.8p / منٹ چوٹی کو کال 08709222922. قومی شرح اب سستی بات چیت! روکنے کے لئے نصوص 08712460324 (10P / منٹ) فون کریں
0,معذرت، میں بعد میں فون کرتا ہوں
0,میں ہمارے درمیان اس کو ایک غلط کالنگ thnk DONT
0,مجھے کام کر نہیں ہوں. مجھے ملازمت حاصل کرنے کے بعد ...
0,اور تم نے کیا کر رہے ہیں جب سے میں اب مطلب
0,\ محبت کسی سے اس کے ؤر قسمت. محبت کے لئے اس کے ؤر قسمت U. لیکن محبت کرتا ہے جو ایک کے
0,ہیلو بچے صرف کام سے واپس مل گیا سے Ive اور میں یو allday دیکھنا چاہتے تھے! میں نے میں نے آج فون پر یو پیشاب نہیں کیا امید ہے. یو اپ ہو تو مجھے فون کر XXX دے
1,FreeMsg آج وہ دن ہے آپ تیار ہیں تو! میں نے اپنے شہر میں سینگ & لائیو ہوں. میں جنسی مزہ اور کھیل سے محبت کرتا ہوں! Netcollex لمیٹڈ 08700621170150p فی MSG آخر تک اسٹاپ جواب
0,یہ پریف میں لانے کہ آپ یاہو لڑکوں ھے؟ یا قانونی.
0,مجھ سے کچھ کہنے کی ضرورت نہیں ہے. میں نے میں نے ایک باہر ہوں
0,تم نے پہلے کبھی ایک پاؤں پڑا ہے؟
0,# & gt؛ پر بس کو کریں & lt ملا؛
0,اچھی! نہیں، ° ایک ڈونا · ٹی ضرورت کسی بھی receiptsâ ° ایک اچھا کام کیا! (ایک ° ایک _) جی ہاں، براہ مہربانی بتائیں. ° A A · اس کا نمبر ہے Whatâ، میں نے اسے انگوٹی سکا
0,"کبھی سبز اقتباس کبھی کارٹون میں جیری کی طرف سے بتایا \ ایک شخص جو پریشان U ہمیشہ سے ایک کون U Vry پیار کرتی ہے لیکن ایکسپریس اس کو ناکام ...! .. ہے !! :-) :-) شب بخیر"""
0,مجھے WIF چھوڑ دو لار ... ایک عوامی ہنگامی ہال اتنی بھاری لے جانے کے لئے وان ... دا NUM 98321561 Ã سے واقف ہے _؟
0,خوبصورت حقیقت: چہرے کے اظہار سب کی طرف سے دیکھا جا سکتا ہے ... لیکن دل کی افسردگی صرف پیاروں .. سے Gud Ni8 طرف سے سمجھا جا سکا ؛-)
0,دراصل نیا سال مبارک ہو. آپ جب ہم دیکھ رہے ہیں کہ آپ کہاں ہیں کیسے ہیں
1,Simpsons میں فلم جولائی میں 2007 نام بینڈ فلم کے آغاز میں مر گیا کہ جاری کیا؟ A-گرین دن، B-بلیو ڈے، C-ریڈ دن. (A، B یا C بھیجیں)
0,جو کہ ایک شرم کی بات ہے! ہو سکتا ہے کہ چند گھنٹے ٹومو لئے CLD ملو؟
0,LOL میں کروں گا لیکن باوجود ان کو ایک لڑکی ہونے کی وجہ سے کی طرح میں درد.
0,کورنوال لئے میں کانا ¥ ایک ٹی انتظار. امید آج رات اسنا ¥ ایک ٹی بہت برا اس کے ساتھ ساتھ لیکن ITA ¥ ایک ایس راک رات shite. ویسے بھی ایک سونے کے لئے جا رہے IA ¥ ایک میٹر ہے اب ایک اچھا رات ہے. جلد تم سے بات کروں گا.
0,Pls مجھے سورت میں Hont کی طرف سے ایک بیٹری کی توقع کر رہا ہوں کہ بتا مدد کرتے ہیں. اور اگر pls مجھے فلموں ڈاؤن لوڈ، اتارنا کرنے کے بارے میں ایک پیغام بھیجنے چاہیے. شکریہ
1,تجدید یا انچارج کی موجودہ T- موبائل ہینڈسیٹ مفت کی اپ گریڈنگ کے حوالے سے Amanda میں کال کریں. آفر آج ختم ہو جاتی ہے. تل 0845 021 3680 ٹی کے اور کے تابع سی کی
0,آپ کے فون کے لئے ایک اور اے پی پی کے حاصل کرنے کے لئے ایک راستہ نہیں مل سکا ہے، ہاں؟ آپ کو نیٹ کیفے میں جاؤ گے؟ آپ اس کام کے لے گئے؟ Geeee میں تمہیں بیب کی ضرورت ہے. میں نے آپ کو دیکھنے کے لئے چاہتے ہیں ...
0,میں نے صرف جمعرات لیکن ہفتہ میں کھچڑی لہ ... بک لیاو کو سوموار سے کام ... کون سا دوسرے دن u مفت؟
0,ہم سے oredi بازیافت کرنے ایک آ ...
0,nannys پتہ کیا ہے؟
1,فوری !! آپ 4 * کوسٹا ڈیل سورج چھٹیوں یا ایک ¥ Â £ 5000 انتظار مجموعہ. 09050090044 ابھی toClaim کال کریں. SAE، TC S، POBox334، STOCKPORT کے، SK38xh، کوسٹا ¥ Â £ 1.50 / PM، Max10mins
0,مصحف یو کھایا؟ وقت اور Wat U وان مجھے 2 آئے؟
1,ایک نئی ویڈیو فون چاہتے ہیں؟ 750 کسی بھی وقت کسی بھی نیٹ ورک منٹ؟ 3 ماہ کے لئے نصف قیمت لائن رینٹل مفت ٹیکسٹ؟ جواب یا مفت ترسیل کے لئے 08000930705 پر کال کریں
0,جب آپ کو موقع ملے یو، مجھے فون، میرے ایک دوست نے ایک بڑے آرڈر کے بارے میں پوچھنا چاہتا تھا
0,یہ واحد واحد کے جوابات ہم لڑ رہے ہیں؟ پلس I Am میں توڑ دیا ہے اور آپ کو جواب دیں شکریہ
0,یہ یقینی طور پر کچھ اس طرح ہوتا ہے جب نقطہ نظر میں چیزیں رکھتا ہے
0,اب ٹی وی 2 واچ عوامی ہنگامی ہال ملا؟ U کوئی کام آج؟
0,مجھے ایسا محسوس ہوا ... کسی بھی وجہ سے پہنچانے نہیں .. وہ ESE ... میرا کیا؟
1,آپ کے موبائل 11 ماہ یا تھا اس سے زیادہ؟ یو آر مفت کے لئے کیمرے کے ساتھ تازہ ترین رنگ موبائلوں کو اپ ڈیٹ کرنے کے حقدار! 08002986030 پر موبائل اپ ڈیٹ شریک فری کال
0,کیسا چل رہا ہے؟ کوئی بھی دلچسپ کراوکی قسم کی سرگرمیوں کی منصوبہ بندی کی گئی ہے؟ میں نے فٹ بال کو اس حوا کو کھیلنے کے لئے کہ آیا بحث کر رہا ہوں. سست اگرچہ محسوس کرنا.
0,مجھے یقین ہے کہ AM بدھ کو آنے والے کو بتایا.
